[
  {
    "path": "src/main/java/seedu/address/logic/parser/DeleteCommandParser.java",
    "lines": [
      {
        "lineNumber": 1,
        "author": {
          "gitId": "-"
        },
        "content": "package seedu.address.logic.parser;"
      },
      {
        "lineNumber": 2,
        "author": {
          "gitId": "-"
        },
        "content": ""
      },
      {
        "lineNumber": 3,
        "author": {
          "gitId": "-"
        },
        "content": "import static seedu.address.commons.core.Messages.MESSAGE_INVALID_COMMAND_FORMAT;"
      },
      {
        "lineNumber": 4,
        "author": {
          "gitId": "-"
        },
        "content": ""
      },
      {
        "lineNumber": 5,
        "author": {
          "gitId": "-"
        },
        "content": "import seedu.address.commons.core.index.Index;"
      },
      {
        "lineNumber": 6,
        "author": {
          "gitId": "-"
        },
        "content": "import seedu.address.logic.commands.DeleteCommand;"
      },
      {
        "lineNumber": 7,
        "author": {
          "gitId": "-"
        },
        "content": "import seedu.address.logic.parser.exceptions.ParseException;"
      },
      {
        "lineNumber": 8,
        "author": {
          "gitId": "-"
        },
        "content": ""
      },
      {
        "lineNumber": 9,
        "author": {
          "gitId": "-"
        },
        "content": "/**"
      },
      {
        "lineNumber": 10,
        "author": {
          "gitId": "-"
        },
        "content": " * Parses input arguments and creates a new DeleteCommand object"
      },
      {
        "lineNumber": 11,
        "author": {
          "gitId": "-"
        },
        "content": " */"
      },
      {
        "lineNumber": 12,
        "author": {
          "gitId": "-"
        },
        "content": "public class DeleteCommandParser implements Parser\u003cDeleteCommand\u003e {"
      },
      {
        "lineNumber": 13,
        "author": {
          "gitId": "-"
        },
        "content": ""
      },
      {
        "lineNumber": 14,
        "author": {
          "gitId": "-"
        },
        "content": "    /**"
      },
      {
        "lineNumber": 15,
        "author": {
          "gitId": "-"
        },
        "content": "     * Parses the given {@code String} of arguments in the context of the DeleteCommand"
      },
      {
        "lineNumber": 16,
        "author": {
          "gitId": "WANG CHAO"
        },
        "content": "     * and returns a DeleteCommand object for execution."
      },
      {
        "lineNumber": 17,
        "author": {
          "gitId": "-"
        },
        "content": "     * @throws ParseException if the user input does not conform the expected format"
      },
      {
        "lineNumber": 18,
        "author": {
          "gitId": "-"
        },
        "content": "     */"
      },
      {
        "lineNumber": 19,
        "author": {
          "gitId": "-"
        },
        "content": "    public DeleteCommand parse(String args) throws ParseException {"
      },
      {
        "lineNumber": 20,
        "author": {
          "gitId": "-"
        },
        "content": "        try {"
      },
      {
        "lineNumber": 21,
        "author": {
          "gitId": "-"
        },
        "content": "            Index index \u003d ParserUtil.parseIndex(args);"
      },
      {
        "lineNumber": 22,
        "author": {
          "gitId": "-"
        },
        "content": "            return new DeleteCommand(index);"
      },
      {
        "lineNumber": 23,
        "author": {
          "gitId": "-"
        },
        "content": "        } catch (ParseException pe) {"
      },
      {
        "lineNumber": 24,
        "author": {
          "gitId": "-"
        },
        "content": "            throw new ParseException("
      },
      {
        "lineNumber": 25,
        "author": {
          "gitId": "-"
        },
        "content": "                    String.format(MESSAGE_INVALID_COMMAND_FORMAT, DeleteCommand.MESSAGE_USAGE), pe);"
      },
      {
        "lineNumber": 26,
        "author": {
          "gitId": "-"
        },
        "content": "        }"
      },
      {
        "lineNumber": 27,
        "author": {
          "gitId": "-"
        },
        "content": "    }"
      },
      {
        "lineNumber": 28,
        "author": {
          "gitId": "-"
        },
        "content": ""
      },
      {
        "lineNumber": 29,
        "author": {
          "gitId": "-"
        },
        "content": "}"
      }
    ],
    "authorContributionMap": {
      "WANG CHAO": 1,
      "-": 28
    }
  },
  {
    "path": "src/main/java/seedu/address/logic/parser/FindCommandParser.java",
    "lines": [
      {
        "lineNumber": 1,
        "author": {
          "gitId": "-"
        },
        "content": "package seedu.address.logic.parser;"
      },
      {
        "lineNumber": 2,
        "author": {
          "gitId": "-"
        },
        "content": ""
      },
      {
        "lineNumber": 3,
        "author": {
          "gitId": "-"
        },
        "content": "import static seedu.address.commons.core.Messages.MESSAGE_INVALID_COMMAND_FORMAT;"
      },
      {
        "lineNumber": 4,
        "author": {
          "gitId": "-"
        },
        "content": ""
      },
      {
        "lineNumber": 5,
        "author": {
          "gitId": "-"
        },
        "content": "import java.util.Arrays;"
      },
      {
        "lineNumber": 6,
        "author": {
          "gitId": "-"
        },
        "content": ""
      },
      {
        "lineNumber": 7,
        "author": {
          "gitId": "-"
        },
        "content": "import seedu.address.logic.commands.FindCommand;"
      },
      {
        "lineNumber": 8,
        "author": {
          "gitId": "-"
        },
        "content": "import seedu.address.logic.parser.exceptions.ParseException;"
      },
      {
        "lineNumber": 9,
        "author": {
          "gitId": "-"
        },
        "content": "import seedu.address.model.person.NameContainsKeywordsPredicate;"
      },
      {
        "lineNumber": 10,
        "author": {
          "gitId": "-"
        },
        "content": ""
      },
      {
        "lineNumber": 11,
        "author": {
          "gitId": "-"
        },
        "content": "/**"
      },
      {
        "lineNumber": 12,
        "author": {
          "gitId": "-"
        },
        "content": " * Parses input arguments and creates a new FindCommand object"
      },
      {
        "lineNumber": 13,
        "author": {
          "gitId": "-"
        },
        "content": " */"
      },
      {
        "lineNumber": 14,
        "author": {
          "gitId": "-"
        },
        "content": "public class FindCommandParser implements Parser\u003cFindCommand\u003e {"
      },
      {
        "lineNumber": 15,
        "author": {
          "gitId": "-"
        },
        "content": ""
      },
      {
        "lineNumber": 16,
        "author": {
          "gitId": "-"
        },
        "content": "    /**"
      },
      {
        "lineNumber": 17,
        "author": {
          "gitId": "-"
        },
        "content": "     * Parses the given {@code String} of arguments in the context of the FindCommand"
      },
      {
        "lineNumber": 18,
        "author": {
          "gitId": "WANG CHAO"
        },
        "content": "     * and returns a FindCommand object for execution."
      },
      {
        "lineNumber": 19,
        "author": {
          "gitId": "-"
        },
        "content": "     * @throws ParseException if the user input does not conform the expected format"
      },
      {
        "lineNumber": 20,
        "author": {
          "gitId": "-"
        },
        "content": "     */"
      },
      {
        "lineNumber": 21,
        "author": {
          "gitId": "-"
        },
        "content": "    public FindCommand parse(String args) throws ParseException {"
      },
      {
        "lineNumber": 22,
        "author": {
          "gitId": "-"
        },
        "content": "        String trimmedArgs \u003d args.trim();"
      },
      {
        "lineNumber": 23,
        "author": {
          "gitId": "-"
        },
        "content": "        if (trimmedArgs.isEmpty()) {"
      },
      {
        "lineNumber": 24,
        "author": {
          "gitId": "-"
        },
        "content": "            throw new ParseException("
      },
      {
        "lineNumber": 25,
        "author": {
          "gitId": "-"
        },
        "content": "                    String.format(MESSAGE_INVALID_COMMAND_FORMAT, FindCommand.MESSAGE_USAGE));"
      },
      {
        "lineNumber": 26,
        "author": {
          "gitId": "-"
        },
        "content": "        }"
      },
      {
        "lineNumber": 27,
        "author": {
          "gitId": "-"
        },
        "content": ""
      },
      {
        "lineNumber": 28,
        "author": {
          "gitId": "-"
        },
        "content": "        String[] nameKeywords \u003d trimmedArgs.split(\"\\\\s+\");"
      },
      {
        "lineNumber": 29,
        "author": {
          "gitId": "-"
        },
        "content": ""
      },
      {
        "lineNumber": 30,
        "author": {
          "gitId": "-"
        },
        "content": "        return new FindCommand(new NameContainsKeywordsPredicate(Arrays.asList(nameKeywords)));"
      },
      {
        "lineNumber": 31,
        "author": {
          "gitId": "-"
        },
        "content": "    }"
      },
      {
        "lineNumber": 32,
        "author": {
          "gitId": "-"
        },
        "content": ""
      },
      {
        "lineNumber": 33,
        "author": {
          "gitId": "-"
        },
        "content": "}"
      }
    ],
    "authorContributionMap": {
      "WANG CHAO": 1,
      "-": 32
    }
  },
  {
    "path": "src/main/java/seedu/address/logic/parser/SelectCommandParser.java",
    "lines": [
      {
        "lineNumber": 1,
        "author": {
          "gitId": "-"
        },
        "content": "package seedu.address.logic.parser;"
      },
      {
        "lineNumber": 2,
        "author": {
          "gitId": "-"
        },
        "content": ""
      },
      {
        "lineNumber": 3,
        "author": {
          "gitId": "-"
        },
        "content": "import static seedu.address.commons.core.Messages.MESSAGE_INVALID_COMMAND_FORMAT;"
      },
      {
        "lineNumber": 4,
        "author": {
          "gitId": "-"
        },
        "content": ""
      },
      {
        "lineNumber": 5,
        "author": {
          "gitId": "-"
        },
        "content": "import seedu.address.commons.core.index.Index;"
      },
      {
        "lineNumber": 6,
        "author": {
          "gitId": "-"
        },
        "content": "import seedu.address.logic.commands.SelectCommand;"
      },
      {
        "lineNumber": 7,
        "author": {
          "gitId": "-"
        },
        "content": "import seedu.address.logic.parser.exceptions.ParseException;"
      },
      {
        "lineNumber": 8,
        "author": {
          "gitId": "-"
        },
        "content": ""
      },
      {
        "lineNumber": 9,
        "author": {
          "gitId": "-"
        },
        "content": "/**"
      },
      {
        "lineNumber": 10,
        "author": {
          "gitId": "-"
        },
        "content": " * Parses input arguments and creates a new SelectCommand object"
      },
      {
        "lineNumber": 11,
        "author": {
          "gitId": "-"
        },
        "content": " */"
      },
      {
        "lineNumber": 12,
        "author": {
          "gitId": "-"
        },
        "content": "public class SelectCommandParser implements Parser\u003cSelectCommand\u003e {"
      },
      {
        "lineNumber": 13,
        "author": {
          "gitId": "-"
        },
        "content": ""
      },
      {
        "lineNumber": 14,
        "author": {
          "gitId": "-"
        },
        "content": "    /**"
      },
      {
        "lineNumber": 15,
        "author": {
          "gitId": "-"
        },
        "content": "     * Parses the given {@code String} of arguments in the context of the SelectCommand"
      },
      {
        "lineNumber": 16,
        "author": {
          "gitId": "WANG CHAO"
        },
        "content": "     * and returns a SelectCommand object for execution."
      },
      {
        "lineNumber": 17,
        "author": {
          "gitId": "-"
        },
        "content": "     * @throws ParseException if the user input does not conform the expected format"
      },
      {
        "lineNumber": 18,
        "author": {
          "gitId": "-"
        },
        "content": "     */"
      },
      {
        "lineNumber": 19,
        "author": {
          "gitId": "-"
        },
        "content": "    public SelectCommand parse(String args) throws ParseException {"
      },
      {
        "lineNumber": 20,
        "author": {
          "gitId": "-"
        },
        "content": "        try {"
      },
      {
        "lineNumber": 21,
        "author": {
          "gitId": "-"
        },
        "content": "            Index index \u003d ParserUtil.parseIndex(args);"
      },
      {
        "lineNumber": 22,
        "author": {
          "gitId": "-"
        },
        "content": "            return new SelectCommand(index);"
      },
      {
        "lineNumber": 23,
        "author": {
          "gitId": "-"
        },
        "content": "        } catch (ParseException pe) {"
      },
      {
        "lineNumber": 24,
        "author": {
          "gitId": "-"
        },
        "content": "            throw new ParseException("
      },
      {
        "lineNumber": 25,
        "author": {
          "gitId": "-"
        },
        "content": "                    String.format(MESSAGE_INVALID_COMMAND_FORMAT, SelectCommand.MESSAGE_USAGE), pe);"
      },
      {
        "lineNumber": 26,
        "author": {
          "gitId": "-"
        },
        "content": "        }"
      },
      {
        "lineNumber": 27,
        "author": {
          "gitId": "-"
        },
        "content": "    }"
      },
      {
        "lineNumber": 28,
        "author": {
          "gitId": "-"
        },
        "content": "}"
      }
    ],
    "authorContributionMap": {
      "WANG CHAO": 1,
      "-": 27
    }
  },
  {
    "path": "src/main/java/seedu/address/model/AddressBook.java",
    "lines": [
      {
        "lineNumber": 1,
        "author": {
          "gitId": "-"
        },
        "content": "package seedu.address.model;"
      },
      {
        "lineNumber": 2,
        "author": {
          "gitId": "-"
        },
        "content": ""
      },
      {
        "lineNumber": 3,
        "author": {
          "gitId": "-"
        },
        "content": "import static java.util.Objects.requireNonNull;"
      },
      {
        "lineNumber": 4,
        "author": {
          "gitId": "-"
        },
        "content": ""
      },
      {
        "lineNumber": 5,
        "author": {
          "gitId": "-"
        },
        "content": "import java.util.List;"
      },
      {
        "lineNumber": 6,
        "author": {
          "gitId": "-"
        },
        "content": ""
      },
      {
        "lineNumber": 7,
        "author": {
          "gitId": "-"
        },
        "content": "import javafx.beans.InvalidationListener;"
      },
      {
        "lineNumber": 8,
        "author": {
          "gitId": "-"
        },
        "content": "import javafx.collections.ObservableList;"
      },
      {
        "lineNumber": 9,
        "author": {
          "gitId": "-"
        },
        "content": "import seedu.address.commons.util.InvalidationListenerManager;"
      },
      {
        "lineNumber": 10,
        "author": {
          "gitId": "-"
        },
        "content": "import seedu.address.model.person.Person;"
      },
      {
        "lineNumber": 11,
        "author": {
          "gitId": "-"
        },
        "content": "import seedu.address.model.person.UniquePersonList;"
      },
      {
        "lineNumber": 12,
        "author": {
          "gitId": "-"
        },
        "content": ""
      },
      {
        "lineNumber": 13,
        "author": {
          "gitId": "-"
        },
        "content": "/**"
      },
      {
        "lineNumber": 14,
        "author": {
          "gitId": "-"
        },
        "content": " * Wraps all data at the address-book level"
      },
      {
        "lineNumber": 15,
        "author": {
          "gitId": "-"
        },
        "content": " * Duplicates are not allowed (by .isSamePerson comparison)"
      },
      {
        "lineNumber": 16,
        "author": {
          "gitId": "-"
        },
        "content": " */"
      },
      {
        "lineNumber": 17,
        "author": {
          "gitId": "-"
        },
        "content": "public class AddressBook implements ReadOnlyAddressBook {"
      },
      {
        "lineNumber": 18,
        "author": {
          "gitId": "-"
        },
        "content": ""
      },
      {
        "lineNumber": 19,
        "author": {
          "gitId": "-"
        },
        "content": "    private final UniquePersonList persons;"
      },
      {
        "lineNumber": 20,
        "author": {
          "gitId": "-"
        },
        "content": "    private final InvalidationListenerManager invalidationListenerManager \u003d new InvalidationListenerManager();"
      },
      {
        "lineNumber": 21,
        "author": {
          "gitId": "-"
        },
        "content": ""
      },
      {
        "lineNumber": 22,
        "author": {
          "gitId": "-"
        },
        "content": "    /*"
      },
      {
        "lineNumber": 23,
        "author": {
          "gitId": "WANG CHAO"
        },
        "content": "     * The \u0027unusual\u0027 code block below is a non-static initialization block, sometimes used to avoid duplication"
      },
      {
        "lineNumber": 24,
        "author": {
          "gitId": "-"
        },
        "content": "     * between constructors. See https://docs.oracle.com/javase/tutorial/java/javaOO/initial.html"
      },
      {
        "lineNumber": 25,
        "author": {
          "gitId": "-"
        },
        "content": "     *"
      },
      {
        "lineNumber": 26,
        "author": {
          "gitId": "-"
        },
        "content": "     * Note that non-static init blocks are not recommended to use. There are other ways to avoid duplication"
      },
      {
        "lineNumber": 27,
        "author": {
          "gitId": "-"
        },
        "content": "     *   among constructors."
      },
      {
        "lineNumber": 28,
        "author": {
          "gitId": "-"
        },
        "content": "     */"
      },
      {
        "lineNumber": 29,
        "author": {
          "gitId": "-"
        },
        "content": "    {"
      },
      {
        "lineNumber": 30,
        "author": {
          "gitId": "-"
        },
        "content": "        persons \u003d new UniquePersonList();"
      },
      {
        "lineNumber": 31,
        "author": {
          "gitId": "-"
        },
        "content": "    }"
      },
      {
        "lineNumber": 32,
        "author": {
          "gitId": "-"
        },
        "content": ""
      },
      {
        "lineNumber": 33,
        "author": {
          "gitId": "-"
        },
        "content": "    public AddressBook() {}"
      },
      {
        "lineNumber": 34,
        "author": {
          "gitId": "-"
        },
        "content": ""
      },
      {
        "lineNumber": 35,
        "author": {
          "gitId": "-"
        },
        "content": "    /**"
      },
      {
        "lineNumber": 36,
        "author": {
          "gitId": "-"
        },
        "content": "     * Creates an AddressBook using the Persons in the {@code toBeCopied}"
      },
      {
        "lineNumber": 37,
        "author": {
          "gitId": "-"
        },
        "content": "     */"
      },
      {
        "lineNumber": 38,
        "author": {
          "gitId": "-"
        },
        "content": "    public AddressBook(ReadOnlyAddressBook toBeCopied) {"
      },
      {
        "lineNumber": 39,
        "author": {
          "gitId": "-"
        },
        "content": "        this();"
      },
      {
        "lineNumber": 40,
        "author": {
          "gitId": "-"
        },
        "content": "        resetData(toBeCopied);"
      },
      {
        "lineNumber": 41,
        "author": {
          "gitId": "-"
        },
        "content": "    }"
      },
      {
        "lineNumber": 42,
        "author": {
          "gitId": "-"
        },
        "content": ""
      },
      {
        "lineNumber": 43,
        "author": {
          "gitId": "-"
        },
        "content": "    //// list overwrite operations"
      },
      {
        "lineNumber": 44,
        "author": {
          "gitId": "-"
        },
        "content": ""
      },
      {
        "lineNumber": 45,
        "author": {
          "gitId": "-"
        },
        "content": "    /**"
      },
      {
        "lineNumber": 46,
        "author": {
          "gitId": "-"
        },
        "content": "     * Replaces the contents of the person list with {@code persons}."
      },
      {
        "lineNumber": 47,
        "author": {
          "gitId": "-"
        },
        "content": "     * {@code persons} must not contain duplicate persons."
      },
      {
        "lineNumber": 48,
        "author": {
          "gitId": "-"
        },
        "content": "     */"
      },
      {
        "lineNumber": 49,
        "author": {
          "gitId": "-"
        },
        "content": "    public void setPersons(List\u003cPerson\u003e persons) {"
      },
      {
        "lineNumber": 50,
        "author": {
          "gitId": "-"
        },
        "content": "        this.persons.setPersons(persons);"
      },
      {
        "lineNumber": 51,
        "author": {
          "gitId": "-"
        },
        "content": "        indicateModified();"
      },
      {
        "lineNumber": 52,
        "author": {
          "gitId": "-"
        },
        "content": "    }"
      },
      {
        "lineNumber": 53,
        "author": {
          "gitId": "-"
        },
        "content": ""
      },
      {
        "lineNumber": 54,
        "author": {
          "gitId": "-"
        },
        "content": "    /**"
      },
      {
        "lineNumber": 55,
        "author": {
          "gitId": "-"
        },
        "content": "     * Resets the existing data of this {@code AddressBook} with {@code newData}."
      },
      {
        "lineNumber": 56,
        "author": {
          "gitId": "-"
        },
        "content": "     */"
      },
      {
        "lineNumber": 57,
        "author": {
          "gitId": "-"
        },
        "content": "    public void resetData(ReadOnlyAddressBook newData) {"
      },
      {
        "lineNumber": 58,
        "author": {
          "gitId": "-"
        },
        "content": "        requireNonNull(newData);"
      },
      {
        "lineNumber": 59,
        "author": {
          "gitId": "-"
        },
        "content": ""
      },
      {
        "lineNumber": 60,
        "author": {
          "gitId": "-"
        },
        "content": "        setPersons(newData.getPersonList());"
      },
      {
        "lineNumber": 61,
        "author": {
          "gitId": "-"
        },
        "content": "    }"
      },
      {
        "lineNumber": 62,
        "author": {
          "gitId": "-"
        },
        "content": ""
      },
      {
        "lineNumber": 63,
        "author": {
          "gitId": "-"
        },
        "content": "    //// person-level operations"
      },
      {
        "lineNumber": 64,
        "author": {
          "gitId": "-"
        },
        "content": ""
      },
      {
        "lineNumber": 65,
        "author": {
          "gitId": "-"
        },
        "content": "    /**"
      },
      {
        "lineNumber": 66,
        "author": {
          "gitId": "-"
        },
        "content": "     * Returns true if a person with the same identity as {@code person} exists in the address book."
      },
      {
        "lineNumber": 67,
        "author": {
          "gitId": "-"
        },
        "content": "     */"
      },
      {
        "lineNumber": 68,
        "author": {
          "gitId": "-"
        },
        "content": "    public boolean hasPerson(Person person) {"
      },
      {
        "lineNumber": 69,
        "author": {
          "gitId": "-"
        },
        "content": "        requireNonNull(person);"
      },
      {
        "lineNumber": 70,
        "author": {
          "gitId": "-"
        },
        "content": "        return persons.contains(person);"
      },
      {
        "lineNumber": 71,
        "author": {
          "gitId": "-"
        },
        "content": "    }"
      },
      {
        "lineNumber": 72,
        "author": {
          "gitId": "-"
        },
        "content": ""
      },
      {
        "lineNumber": 73,
        "author": {
          "gitId": "-"
        },
        "content": "    /**"
      },
      {
        "lineNumber": 74,
        "author": {
          "gitId": "-"
        },
        "content": "     * Adds a person to the address book."
      },
      {
        "lineNumber": 75,
        "author": {
          "gitId": "-"
        },
        "content": "     * The person must not already exist in the address book."
      },
      {
        "lineNumber": 76,
        "author": {
          "gitId": "-"
        },
        "content": "     */"
      },
      {
        "lineNumber": 77,
        "author": {
          "gitId": "-"
        },
        "content": "    public void addPerson(Person p) {"
      },
      {
        "lineNumber": 78,
        "author": {
          "gitId": "-"
        },
        "content": "        persons.add(p);"
      },
      {
        "lineNumber": 79,
        "author": {
          "gitId": "-"
        },
        "content": "        indicateModified();"
      },
      {
        "lineNumber": 80,
        "author": {
          "gitId": "-"
        },
        "content": "    }"
      },
      {
        "lineNumber": 81,
        "author": {
          "gitId": "-"
        },
        "content": ""
      },
      {
        "lineNumber": 82,
        "author": {
          "gitId": "-"
        },
        "content": "    /**"
      },
      {
        "lineNumber": 83,
        "author": {
          "gitId": "-"
        },
        "content": "     * Replaces the given person {@code target} in the list with {@code editedPerson}."
      },
      {
        "lineNumber": 84,
        "author": {
          "gitId": "-"
        },
        "content": "     * {@code target} must exist in the address book."
      },
      {
        "lineNumber": 85,
        "author": {
          "gitId": "-"
        },
        "content": "     * The person identity of {@code editedPerson} must not be the same as another existing person in the address book."
      },
      {
        "lineNumber": 86,
        "author": {
          "gitId": "-"
        },
        "content": "     */"
      },
      {
        "lineNumber": 87,
        "author": {
          "gitId": "-"
        },
        "content": "    public void setPerson(Person target, Person editedPerson) {"
      },
      {
        "lineNumber": 88,
        "author": {
          "gitId": "-"
        },
        "content": "        requireNonNull(editedPerson);"
      },
      {
        "lineNumber": 89,
        "author": {
          "gitId": "-"
        },
        "content": ""
      },
      {
        "lineNumber": 90,
        "author": {
          "gitId": "-"
        },
        "content": "        persons.setPerson(target, editedPerson);"
      },
      {
        "lineNumber": 91,
        "author": {
          "gitId": "-"
        },
        "content": "        indicateModified();"
      },
      {
        "lineNumber": 92,
        "author": {
          "gitId": "-"
        },
        "content": "    }"
      },
      {
        "lineNumber": 93,
        "author": {
          "gitId": "-"
        },
        "content": ""
      },
      {
        "lineNumber": 94,
        "author": {
          "gitId": "-"
        },
        "content": "    /**"
      },
      {
        "lineNumber": 95,
        "author": {
          "gitId": "-"
        },
        "content": "     * Removes {@code key} from this {@code AddressBook}."
      },
      {
        "lineNumber": 96,
        "author": {
          "gitId": "-"
        },
        "content": "     * {@code key} must exist in the address book."
      },
      {
        "lineNumber": 97,
        "author": {
          "gitId": "-"
        },
        "content": "     */"
      },
      {
        "lineNumber": 98,
        "author": {
          "gitId": "-"
        },
        "content": "    public void removePerson(Person key) {"
      },
      {
        "lineNumber": 99,
        "author": {
          "gitId": "-"
        },
        "content": "        persons.remove(key);"
      },
      {
        "lineNumber": 100,
        "author": {
          "gitId": "-"
        },
        "content": "        indicateModified();"
      },
      {
        "lineNumber": 101,
        "author": {
          "gitId": "-"
        },
        "content": "    }"
      },
      {
        "lineNumber": 102,
        "author": {
          "gitId": "-"
        },
        "content": ""
      },
      {
        "lineNumber": 103,
        "author": {
          "gitId": "-"
        },
        "content": "    @Override"
      },
      {
        "lineNumber": 104,
        "author": {
          "gitId": "-"
        },
        "content": "    public void addListener(InvalidationListener listener) {"
      },
      {
        "lineNumber": 105,
        "author": {
          "gitId": "-"
        },
        "content": "        invalidationListenerManager.addListener(listener);"
      },
      {
        "lineNumber": 106,
        "author": {
          "gitId": "-"
        },
        "content": "    }"
      },
      {
        "lineNumber": 107,
        "author": {
          "gitId": "-"
        },
        "content": ""
      },
      {
        "lineNumber": 108,
        "author": {
          "gitId": "-"
        },
        "content": "    @Override"
      },
      {
        "lineNumber": 109,
        "author": {
          "gitId": "-"
        },
        "content": "    public void removeListener(InvalidationListener listener) {"
      },
      {
        "lineNumber": 110,
        "author": {
          "gitId": "-"
        },
        "content": "        invalidationListenerManager.removeListener(listener);"
      },
      {
        "lineNumber": 111,
        "author": {
          "gitId": "-"
        },
        "content": "    }"
      },
      {
        "lineNumber": 112,
        "author": {
          "gitId": "-"
        },
        "content": ""
      },
      {
        "lineNumber": 113,
        "author": {
          "gitId": "-"
        },
        "content": "    /**"
      },
      {
        "lineNumber": 114,
        "author": {
          "gitId": "-"
        },
        "content": "     * Notifies listeners that the address book has been modified."
      },
      {
        "lineNumber": 115,
        "author": {
          "gitId": "-"
        },
        "content": "     */"
      },
      {
        "lineNumber": 116,
        "author": {
          "gitId": "-"
        },
        "content": "    protected void indicateModified() {"
      },
      {
        "lineNumber": 117,
        "author": {
          "gitId": "-"
        },
        "content": "        invalidationListenerManager.callListeners(this);"
      },
      {
        "lineNumber": 118,
        "author": {
          "gitId": "-"
        },
        "content": "    }"
      },
      {
        "lineNumber": 119,
        "author": {
          "gitId": "-"
        },
        "content": ""
      },
      {
        "lineNumber": 120,
        "author": {
          "gitId": "-"
        },
        "content": "    //// util methods"
      },
      {
        "lineNumber": 121,
        "author": {
          "gitId": "-"
        },
        "content": ""
      },
      {
        "lineNumber": 122,
        "author": {
          "gitId": "-"
        },
        "content": "    @Override"
      },
      {
        "lineNumber": 123,
        "author": {
          "gitId": "-"
        },
        "content": "    public String toString() {"
      },
      {
        "lineNumber": 124,
        "author": {
          "gitId": "-"
        },
        "content": "        return persons.asUnmodifiableObservableList().size() + \" persons\";"
      },
      {
        "lineNumber": 125,
        "author": {
          "gitId": "-"
        },
        "content": "        // TODO: refine later"
      },
      {
        "lineNumber": 126,
        "author": {
          "gitId": "-"
        },
        "content": "    }"
      },
      {
        "lineNumber": 127,
        "author": {
          "gitId": "-"
        },
        "content": ""
      },
      {
        "lineNumber": 128,
        "author": {
          "gitId": "-"
        },
        "content": "    @Override"
      },
      {
        "lineNumber": 129,
        "author": {
          "gitId": "-"
        },
        "content": "    public ObservableList\u003cPerson\u003e getPersonList() {"
      },
      {
        "lineNumber": 130,
        "author": {
          "gitId": "-"
        },
        "content": "        return persons.asUnmodifiableObservableList();"
      },
      {
        "lineNumber": 131,
        "author": {
          "gitId": "-"
        },
        "content": "    }"
      },
      {
        "lineNumber": 132,
        "author": {
          "gitId": "-"
        },
        "content": ""
      },
      {
        "lineNumber": 133,
        "author": {
          "gitId": "-"
        },
        "content": "    @Override"
      },
      {
        "lineNumber": 134,
        "author": {
          "gitId": "-"
        },
        "content": "    public boolean equals(Object other) {"
      },
      {
        "lineNumber": 135,
        "author": {
          "gitId": "-"
        },
        "content": "        return other \u003d\u003d this // short circuit if same object"
      },
      {
        "lineNumber": 136,
        "author": {
          "gitId": "-"
        },
        "content": "                || (other instanceof AddressBook // instanceof handles nulls"
      },
      {
        "lineNumber": 137,
        "author": {
          "gitId": "-"
        },
        "content": "                \u0026\u0026 persons.equals(((AddressBook) other).persons));"
      },
      {
        "lineNumber": 138,
        "author": {
          "gitId": "-"
        },
        "content": "    }"
      },
      {
        "lineNumber": 139,
        "author": {
          "gitId": "-"
        },
        "content": ""
      },
      {
        "lineNumber": 140,
        "author": {
          "gitId": "-"
        },
        "content": "    @Override"
      },
      {
        "lineNumber": 141,
        "author": {
          "gitId": "-"
        },
        "content": "    public int hashCode() {"
      },
      {
        "lineNumber": 142,
        "author": {
          "gitId": "-"
        },
        "content": "        return persons.hashCode();"
      },
      {
        "lineNumber": 143,
        "author": {
          "gitId": "-"
        },
        "content": "    }"
      },
      {
        "lineNumber": 144,
        "author": {
          "gitId": "-"
        },
        "content": "}"
      }
    ],
    "authorContributionMap": {
      "WANG CHAO": 1,
      "-": 143
    }
  },
  {
    "path": "src/main/java/seedu/address/ui/ListElementPointer.java",
    "lines": [
      {
        "lineNumber": 1,
        "author": {
          "gitId": "-"
        },
        "content": "package seedu.address.ui;"
      },
      {
        "lineNumber": 2,
        "author": {
          "gitId": "-"
        },
        "content": ""
      },
      {
        "lineNumber": 3,
        "author": {
          "gitId": "-"
        },
        "content": "import java.util.ArrayList;"
      },
      {
        "lineNumber": 4,
        "author": {
          "gitId": "-"
        },
        "content": "import java.util.List;"
      },
      {
        "lineNumber": 5,
        "author": {
          "gitId": "-"
        },
        "content": "import java.util.NoSuchElementException;"
      },
      {
        "lineNumber": 6,
        "author": {
          "gitId": "-"
        },
        "content": ""
      },
      {
        "lineNumber": 7,
        "author": {
          "gitId": "-"
        },
        "content": "/**"
      },
      {
        "lineNumber": 8,
        "author": {
          "gitId": "-"
        },
        "content": " * Has a cursor that points to an element in the list, and is able to iterate through the list."
      },
      {
        "lineNumber": 9,
        "author": {
          "gitId": "-"
        },
        "content": " * This is different from {@code ListIterator}, which has a cursor that points in between elements."
      },
      {
        "lineNumber": 10,
        "author": {
          "gitId": "-"
        },
        "content": " * The {@code ListIterator}\u0027s behaviour: when making alternating calls of {@code next()} and"
      },
      {
        "lineNumber": 11,
        "author": {
          "gitId": "-"
        },
        "content": " * {@code previous()}, the same element is returned on both calls."
      },
      {
        "lineNumber": 12,
        "author": {
          "gitId": "-"
        },
        "content": " * In contrast, {@code ListElementPointer}\u0027s behaviour: when making alternating calls of"
      },
      {
        "lineNumber": 13,
        "author": {
          "gitId": "-"
        },
        "content": " * {@code next()} and {@code previous()}, the next and previous elements are returned respectively."
      },
      {
        "lineNumber": 14,
        "author": {
          "gitId": "-"
        },
        "content": " */"
      },
      {
        "lineNumber": 15,
        "author": {
          "gitId": "-"
        },
        "content": "public class ListElementPointer {"
      },
      {
        "lineNumber": 16,
        "author": {
          "gitId": "-"
        },
        "content": "    private List\u003cString\u003e list;"
      },
      {
        "lineNumber": 17,
        "author": {
          "gitId": "-"
        },
        "content": "    private int index;"
      },
      {
        "lineNumber": 18,
        "author": {
          "gitId": "-"
        },
        "content": ""
      },
      {
        "lineNumber": 19,
        "author": {
          "gitId": "-"
        },
        "content": "    /**"
      },
      {
        "lineNumber": 20,
        "author": {
          "gitId": "-"
        },
        "content": "     * Constructs {@code ListElementPointer} which is backed by a defensive copy of {@code list}."
      },
      {
        "lineNumber": 21,
        "author": {
          "gitId": "-"
        },
        "content": "     * The cursor points to the last element in {@code list}."
      },
      {
        "lineNumber": 22,
        "author": {
          "gitId": "-"
        },
        "content": "     */"
      },
      {
        "lineNumber": 23,
        "author": {
          "gitId": "-"
        },
        "content": "    public ListElementPointer(List\u003cString\u003e list) {"
      },
      {
        "lineNumber": 24,
        "author": {
          "gitId": "-"
        },
        "content": "        this.list \u003d new ArrayList\u003c\u003e(list);"
      },
      {
        "lineNumber": 25,
        "author": {
          "gitId": "-"
        },
        "content": "        index \u003d this.list.size() - 1;"
      },
      {
        "lineNumber": 26,
        "author": {
          "gitId": "-"
        },
        "content": "    }"
      },
      {
        "lineNumber": 27,
        "author": {
          "gitId": "-"
        },
        "content": ""
      },
      {
        "lineNumber": 28,
        "author": {
          "gitId": "-"
        },
        "content": "    /**"
      },
      {
        "lineNumber": 29,
        "author": {
          "gitId": "-"
        },
        "content": "     * Appends {@code element} to the end of the list."
      },
      {
        "lineNumber": 30,
        "author": {
          "gitId": "-"
        },
        "content": "     */"
      },
      {
        "lineNumber": 31,
        "author": {
          "gitId": "-"
        },
        "content": "    public void add(String element) {"
      },
      {
        "lineNumber": 32,
        "author": {
          "gitId": "-"
        },
        "content": "        list.add(element);"
      },
      {
        "lineNumber": 33,
        "author": {
          "gitId": "-"
        },
        "content": "    }"
      },
      {
        "lineNumber": 34,
        "author": {
          "gitId": "-"
        },
        "content": ""
      },
      {
        "lineNumber": 35,
        "author": {
          "gitId": "-"
        },
        "content": "    /**"
      },
      {
        "lineNumber": 36,
        "author": {
          "gitId": "WANG CHAO"
        },
        "content": "     * Returns true if calling {@code #next()} does not throw a {@code NoSuchElementException}."
      },
      {
        "lineNumber": 37,
        "author": {
          "gitId": "-"
        },
        "content": "     */"
      },
      {
        "lineNumber": 38,
        "author": {
          "gitId": "-"
        },
        "content": "    public boolean hasNext() {"
      },
      {
        "lineNumber": 39,
        "author": {
          "gitId": "-"
        },
        "content": "        int nextIndex \u003d index + 1;"
      },
      {
        "lineNumber": 40,
        "author": {
          "gitId": "-"
        },
        "content": "        return isWithinBounds(nextIndex);"
      },
      {
        "lineNumber": 41,
        "author": {
          "gitId": "-"
        },
        "content": "    }"
      },
      {
        "lineNumber": 42,
        "author": {
          "gitId": "-"
        },
        "content": ""
      },
      {
        "lineNumber": 43,
        "author": {
          "gitId": "-"
        },
        "content": "    /**"
      },
      {
        "lineNumber": 44,
        "author": {
          "gitId": "WANG CHAO"
        },
        "content": "     * Returns true if calling {@code #previous()} does not throw a {@code NoSuchElementException}."
      },
      {
        "lineNumber": 45,
        "author": {
          "gitId": "-"
        },
        "content": "     */"
      },
      {
        "lineNumber": 46,
        "author": {
          "gitId": "-"
        },
        "content": "    public boolean hasPrevious() {"
      },
      {
        "lineNumber": 47,
        "author": {
          "gitId": "-"
        },
        "content": "        int previousIndex \u003d index - 1;"
      },
      {
        "lineNumber": 48,
        "author": {
          "gitId": "-"
        },
        "content": "        return isWithinBounds(previousIndex);"
      },
      {
        "lineNumber": 49,
        "author": {
          "gitId": "-"
        },
        "content": "    }"
      },
      {
        "lineNumber": 50,
        "author": {
          "gitId": "-"
        },
        "content": ""
      },
      {
        "lineNumber": 51,
        "author": {
          "gitId": "-"
        },
        "content": "    /**"
      },
      {
        "lineNumber": 52,
        "author": {
          "gitId": "WANG CHAO"
        },
        "content": "     * Returns true if calling {@code #current()} does not throw a {@code NoSuchElementException}."
      },
      {
        "lineNumber": 53,
        "author": {
          "gitId": "-"
        },
        "content": "     */"
      },
      {
        "lineNumber": 54,
        "author": {
          "gitId": "-"
        },
        "content": "    public boolean hasCurrent() {"
      },
      {
        "lineNumber": 55,
        "author": {
          "gitId": "-"
        },
        "content": "        return isWithinBounds(index);"
      },
      {
        "lineNumber": 56,
        "author": {
          "gitId": "-"
        },
        "content": "    }"
      },
      {
        "lineNumber": 57,
        "author": {
          "gitId": "-"
        },
        "content": ""
      },
      {
        "lineNumber": 58,
        "author": {
          "gitId": "-"
        },
        "content": "    private boolean isWithinBounds(int index) {"
      },
      {
        "lineNumber": 59,
        "author": {
          "gitId": "-"
        },
        "content": "        return index \u003e\u003d 0 \u0026\u0026 index \u003c list.size();"
      },
      {
        "lineNumber": 60,
        "author": {
          "gitId": "-"
        },
        "content": "    }"
      },
      {
        "lineNumber": 61,
        "author": {
          "gitId": "-"
        },
        "content": ""
      },
      {
        "lineNumber": 62,
        "author": {
          "gitId": "-"
        },
        "content": "    /**"
      },
      {
        "lineNumber": 63,
        "author": {
          "gitId": "-"
        },
        "content": "     * Returns the next element in the list and advances the cursor position."
      },
      {
        "lineNumber": 64,
        "author": {
          "gitId": "-"
        },
        "content": "     * @throws NoSuchElementException if there is no more next element in the list."
      },
      {
        "lineNumber": 65,
        "author": {
          "gitId": "-"
        },
        "content": "     */"
      },
      {
        "lineNumber": 66,
        "author": {
          "gitId": "-"
        },
        "content": "    public String next() {"
      },
      {
        "lineNumber": 67,
        "author": {
          "gitId": "-"
        },
        "content": "        if (!hasNext()) {"
      },
      {
        "lineNumber": 68,
        "author": {
          "gitId": "-"
        },
        "content": "            throw new NoSuchElementException();"
      },
      {
        "lineNumber": 69,
        "author": {
          "gitId": "-"
        },
        "content": "        }"
      },
      {
        "lineNumber": 70,
        "author": {
          "gitId": "-"
        },
        "content": "        return list.get(++index);"
      },
      {
        "lineNumber": 71,
        "author": {
          "gitId": "-"
        },
        "content": "    }"
      },
      {
        "lineNumber": 72,
        "author": {
          "gitId": "-"
        },
        "content": ""
      },
      {
        "lineNumber": 73,
        "author": {
          "gitId": "-"
        },
        "content": "    /**"
      },
      {
        "lineNumber": 74,
        "author": {
          "gitId": "-"
        },
        "content": "     * Returns the previous element in the list and moves the cursor position backwards."
      },
      {
        "lineNumber": 75,
        "author": {
          "gitId": "-"
        },
        "content": "     * @throws NoSuchElementException if there is no more previous element in the list."
      },
      {
        "lineNumber": 76,
        "author": {
          "gitId": "-"
        },
        "content": "     */"
      },
      {
        "lineNumber": 77,
        "author": {
          "gitId": "-"
        },
        "content": "    public String previous() {"
      },
      {
        "lineNumber": 78,
        "author": {
          "gitId": "-"
        },
        "content": "        if (!hasPrevious()) {"
      },
      {
        "lineNumber": 79,
        "author": {
          "gitId": "-"
        },
        "content": "            throw new NoSuchElementException();"
      },
      {
        "lineNumber": 80,
        "author": {
          "gitId": "-"
        },
        "content": "        }"
      },
      {
        "lineNumber": 81,
        "author": {
          "gitId": "-"
        },
        "content": "        return list.get(--index);"
      },
      {
        "lineNumber": 82,
        "author": {
          "gitId": "-"
        },
        "content": "    }"
      },
      {
        "lineNumber": 83,
        "author": {
          "gitId": "-"
        },
        "content": ""
      },
      {
        "lineNumber": 84,
        "author": {
          "gitId": "-"
        },
        "content": "    /**"
      },
      {
        "lineNumber": 85,
        "author": {
          "gitId": "-"
        },
        "content": "     * Returns the current element in the list."
      },
      {
        "lineNumber": 86,
        "author": {
          "gitId": "-"
        },
        "content": "     * @throws NoSuchElementException if the list is empty."
      },
      {
        "lineNumber": 87,
        "author": {
          "gitId": "-"
        },
        "content": "     */"
      },
      {
        "lineNumber": 88,
        "author": {
          "gitId": "-"
        },
        "content": "    public String current() {"
      },
      {
        "lineNumber": 89,
        "author": {
          "gitId": "-"
        },
        "content": "        if (!hasCurrent()) {"
      },
      {
        "lineNumber": 90,
        "author": {
          "gitId": "-"
        },
        "content": "            throw new NoSuchElementException();"
      },
      {
        "lineNumber": 91,
        "author": {
          "gitId": "-"
        },
        "content": "        }"
      },
      {
        "lineNumber": 92,
        "author": {
          "gitId": "-"
        },
        "content": "        return list.get(index);"
      },
      {
        "lineNumber": 93,
        "author": {
          "gitId": "-"
        },
        "content": "    }"
      },
      {
        "lineNumber": 94,
        "author": {
          "gitId": "-"
        },
        "content": ""
      },
      {
        "lineNumber": 95,
        "author": {
          "gitId": "-"
        },
        "content": "    @Override"
      },
      {
        "lineNumber": 96,
        "author": {
          "gitId": "-"
        },
        "content": "    public boolean equals(Object other) {"
      },
      {
        "lineNumber": 97,
        "author": {
          "gitId": "-"
        },
        "content": "        // short circuit if same object"
      },
      {
        "lineNumber": 98,
        "author": {
          "gitId": "-"
        },
        "content": "        if (other \u003d\u003d this) {"
      },
      {
        "lineNumber": 99,
        "author": {
          "gitId": "-"
        },
        "content": "            return true;"
      },
      {
        "lineNumber": 100,
        "author": {
          "gitId": "-"
        },
        "content": "        }"
      },
      {
        "lineNumber": 101,
        "author": {
          "gitId": "-"
        },
        "content": ""
      },
      {
        "lineNumber": 102,
        "author": {
          "gitId": "-"
        },
        "content": "        // instanceof handles nulls"
      },
      {
        "lineNumber": 103,
        "author": {
          "gitId": "-"
        },
        "content": "        if (!(other instanceof ListElementPointer)) {"
      },
      {
        "lineNumber": 104,
        "author": {
          "gitId": "-"
        },
        "content": "            return false;"
      },
      {
        "lineNumber": 105,
        "author": {
          "gitId": "-"
        },
        "content": "        }"
      },
      {
        "lineNumber": 106,
        "author": {
          "gitId": "-"
        },
        "content": ""
      },
      {
        "lineNumber": 107,
        "author": {
          "gitId": "-"
        },
        "content": "        // state check"
      },
      {
        "lineNumber": 108,
        "author": {
          "gitId": "-"
        },
        "content": "        ListElementPointer iterator \u003d (ListElementPointer) other;"
      },
      {
        "lineNumber": 109,
        "author": {
          "gitId": "-"
        },
        "content": "        return list.equals(iterator.list) \u0026\u0026 index \u003d\u003d iterator.index;"
      },
      {
        "lineNumber": 110,
        "author": {
          "gitId": "-"
        },
        "content": "    }"
      },
      {
        "lineNumber": 111,
        "author": {
          "gitId": "-"
        },
        "content": "}"
      }
    ],
    "authorContributionMap": {
      "WANG CHAO": 3,
      "-": 108
    }
  }
]
