{
  "authorDailyContributionsMap": {
    "Jeffry Lum": [
      {
        "insertions": 332,
        "deletions": 261,
        "date": "2019-07-09",
        "commitResults": [
          {
            "hash": "9ab83e3b026deeb06672a2a964ba6e7057264f03",
            "message": "Extract section on setting up into a separate document",
            "insertions": 90,
            "deletions": 74
          },
          {
            "hash": "e80a0b64f66bfd2257b251187c1817783d337df7",
            "message": "Extract section on documentation into a separate document",
            "insertions": 122,
            "deletions": 102
          },
          {
            "hash": "0a29ea77dfbc0cb89fe896bee237d81fc72e86e9",
            "message": "Extract section on testing into a separate document",
            "insertions": 71,
            "deletions": 54
          },
          {
            "hash": "02f0a599cc6948dba3a697101d0a895c80b46ddc",
            "message": "Extract section on dev ops into a separate document",
            "insertions": 49,
            "deletions": 31
          }
        ]
      },
      {
        "insertions": 1,
        "deletions": 2,
        "date": "2019-07-12",
        "commitResults": [
          {
            "hash": "eebddcb8e24440510b27ac0d7284e432a18853d8",
            "message": "Developer Guide: Fix broken link",
            "insertions": 1,
            "deletions": 2
          }
        ]
      },
      {
        "insertions": 3,
        "deletions": 4,
        "date": "2019-07-15",
        "commitResults": [
          {
            "hash": "a6d2b4b907a7803502b93b0e2b5dcac9455915db",
            "message": "Developer Guide: Specify the label for inter-document xref",
            "insertions": 2,
            "deletions": 2
          },
          {
            "hash": "ac47d7cf1a7593dac7580a7abe4ca184e6979ac4",
            "message": "Developer Guide: Optimize reading experience",
            "insertions": 1,
            "deletions": 1
          },
          {
            "hash": "9ba6eefcc621a1805194a019c92d926d614c327f",
            "message": "Developer Guide: Remove anchor for Testing",
            "insertions": 0,
            "deletions": 1
          }
        ]
      },
      {
        "insertions": 1,
        "deletions": 282,
        "date": "2019-07-18",
        "commitResults": [
          {
            "hash": "4a8e46c3cdddb12d1a93969542b914e79ec33a83",
            "message": "Developer Guide: Remove GetStartedProgramming",
            "insertions": 1,
            "deletions": 282
          }
        ]
      }
    ]
  },
  "authorFinalContributionMap": {
    "Jeffry Lum": 327
  },
  "authorFileFormatContributionMap": {
    "Jeffry Lum": {
      "java": 0,
      "js": 0,
      "css": 0,
      "adoc": 327,
      "fxml": 0,
      "gradle": 0
    }
  },
  "authorContributionVariance": {
    "Jeffry Lum": 6269.846
  },
  "authorDisplayNameMap": {
    "Jeffry Lum": "Jeffry"
  }
}
