{
  "authorDailyContributionsMap": {
    "Paul Tan": [],
    "WANG CHAO": [
      {
        "insertions": 7,
        "deletions": 7,
        "date": "2019-05-14",
        "commitResults": [
          {
            "hash": "d4ea3b6f8cbbcffe34f0b80df46934d48e9e566f",
            "message": "Fix improper usage of `an`",
            "insertions": 7,
            "deletions": 7
          }
        ]
      }
    ]
  },
  "authorFinalContributionMap": {
    "Paul Tan": 0,
    "WANG CHAO": 7
  },
  "authorFileFormatContributionMap": {
    "Paul Tan": {
      "java": 0,
      "js": 0,
      "css": 0,
      "adoc": 0,
      "fxml": 0,
      "gradle": 0
    },
    "WANG CHAO": {
      "java": 7,
      "js": 0,
      "css": 0,
      "adoc": 0,
      "fxml": 0,
      "gradle": 0
    }
  },
  "authorContributionVariance": {
    "Paul Tan": 0.0,
    "WANG CHAO": 49.0
  },
  "authorDisplayNameMap": {
    "Paul Tan": "Paul Tan",
    "WANG CHAO": "WANG CHAO"
  }
}
