{
  "authorDailyContributionsMap": {
    "Jeffry Lum": [
      {
        "insertions": 2,
        "deletions": 2,
        "date": "2019-05-23",
        "commitResults": [
          {
            "hash": "ffc79e3b7cada10c4ce8adf2a92e3dbe4e550305",
            "message": "Migrate to JDK 11+",
            "insertions": 2,
            "deletions": 2
          }
        ]
      },
      {
        "insertions": 55,
        "deletions": 62,
        "date": "2019-06-03",
        "commitResults": [
          {
            "hash": "deafd87065f93d1214b27db3665d2bcc531c5ecc",
            "message": "Migrate to JUnit 5 from JUnit 4",
            "insertions": 55,
            "deletions": 62
          }
        ]
      },
      {
        "insertions": 102,
        "deletions": 59,
        "date": "2019-06-11",
        "commitResults": [
          {
            "hash": "a66bc842e6e05a8e7311d7932b36dbf363f51ca0",
            "message": "Update checkstyle ruleset to match later levels of AddressBook.",
            "insertions": 102,
            "deletions": 59
          }
        ]
      }
    ]
  },
  "authorFinalContributionMap": {
    "Jeffry Lum": 134
  },
  "authorFileFormatContributionMap": {
    "Jeffry Lum": {
      "java": 125,
      "js": 0,
      "css": 0,
      "adoc": 9,
      "fxml": 0
    }
  },
  "authorContributionVariance": {
    "Jeffry Lum": 1232.5067
  },
  "authorDisplayNameMap": {
    "Jeffry Lum": "Jeffry"
  }
}
