{
  "authorDailyContributionsMap": {
    "Sanket110297": [
      {
        "insertions": 47,
        "deletions": 44,
        "date": "2019-05-16",
        "commitResults": [
          {
            "hash": "26282f19a227729d66b7d70b2ae1e40fa8c5303b",
            "message": "Move inner/nested classes to the bottom of the file",
            "insertions": 47,
            "deletions": 44
          }
        ]
      }
    ],
    "Jeffry Lum": [
      {
        "insertions": 2,
        "deletions": 2,
        "date": "2019-05-23",
        "commitResults": [
          {
            "hash": "ffc79e3b7cada10c4ce8adf2a92e3dbe4e550305",
            "message": "Migrate to JDK 11+",
            "insertions": 2,
            "deletions": 2
          }
        ]
      },
      {
        "insertions": 55,
        "deletions": 62,
        "date": "2019-06-03",
        "commitResults": [
          {
            "hash": "deafd87065f93d1214b27db3665d2bcc531c5ecc",
            "message": "Migrate to JUnit 5 from JUnit 4",
            "insertions": 55,
            "deletions": 62
          }
        ]
      },
      {
        "insertions": 102,
        "deletions": 59,
        "date": "2019-06-11",
        "commitResults": [
          {
            "hash": "a66bc842e6e05a8e7311d7932b36dbf363f51ca0",
            "message": "Update checkstyle ruleset to match later levels of AddressBook.",
            "insertions": 102,
            "deletions": 59
          }
        ]
      }
    ]
  },
  "authorFinalContributionMap": {
    "Sanket110297": 47,
    "Jeffry Lum": 134
  },
  "authorFileFormatContributionMap": {
    "Sanket110297": {
      "java": 47,
      "js": 0,
      "css": 0,
      "adoc": 0,
      "fxml": 0
    },
    "Jeffry Lum": {
      "java": 125,
      "js": 0,
      "css": 0,
      "adoc": 9,
      "fxml": 0
    }
  },
  "authorContributionVariance": {
    "Sanket110297": 266.83228,
    "Jeffry Lum": 1232.5067
  },
  "authorDisplayNameMap": {
    "Sanket110297": "Sanket110297",
    "Jeffry Lum": "Jeffry Lum"
  }
}
