{
  "authorDailyContributionsMap": {
    "yuhongherald": [
      {
        "insertions": 1,
        "deletions": 1,
        "date": "2019-07-22",
        "commitResults": [
          {
            "hash": "628b04463675467ab842f60da22b6d4db7b76347",
            "messageTitle": "fix meta image (#99)",
            "messageBody": "",
            "insertions": 1,
            "deletions": 1
          }
        ]
      },
      {
        "insertions": 1,
        "deletions": 1,
        "date": "2019-07-25",
        "commitResults": [
          {
            "hash": "bdc797612966829c4558b9773089917356ea9294",
            "messageTitle": "Update team members (#100)",
            "messageBody": "* Update pastmembers.yml\r\n\r\n* Update coremembers.yml\r\n\r\n* Add team members\r\n\r\n* change image dimensions\r\n\r\n* resize images to 105 by 130\r\n\r\n* reduce face size\r\n\r\n* change face size\r\n\r\n* change face size\r\n\r\n* fix opengraph image tag\r\n\r\n* remove white border at bottom\r\n\r\n* remove border\r\n",
            "insertions": 1,
            "deletions": 1
          }
        ]
      }
    ]
  },
  "authorFinalContributionMap": {
    "yuhongherald": 1
  },
  "authorFileTypeContributionMap": {
    "yuhongherald": {
      "html": 1,
      "js": 0,
      "css": 0,
      "cs": 0,
      "md": 0
    }
  },
  "authorContributionVariance": {
    "yuhongherald": 0.10518627
  },
  "authorDisplayNameMap": {
    "yuhongherald": "Herald"
  }
}
