{
  "authorDailyContributionsMap": {
    "openorclose": [
      {
        "insertions": 23,
        "deletions": 47,
        "date": "2019-05-27",
        "commitResults": [
          {
            "hash": "282556db72955c69aef24fbf6ca82062239e1ae8",
            "message": "Cache panel contents after first load (#105)",
            "insertions": 12,
            "deletions": 17
          },
          {
            "hash": "adf8b4d250c2a7a7ba4c476310e3db6d20377579",
            "message": "Refactor setting of Panel#isCached",
            "insertions": 8,
            "deletions": 6
          },
          {
            "hash": "726aa5ff2972748b52777a4eb07cfcffba3bc1d5",
            "message": "Prevent double-fetching of panel with src and expanded",
            "insertions": 3,
            "deletions": 24
          }
        ]
      },
      {
        "insertions": 8,
        "deletions": 1,
        "date": "2019-06-03",
        "commitResults": [
          {
            "hash": "c2180ab48b8c6b8c47238768ff11ee9451efea66",
            "message": "Add attribute to allow vertical centering of panels (#108)",
            "insertions": 8,
            "deletions": 1
          }
        ]
      },
      {
        "insertions": 31,
        "deletions": 7,
        "date": "2019-06-24",
        "commitResults": [
          {
            "hash": "8383f4326fd7d11a98722d9bb46f3ac13488c3ed",
            "message": "Delay popover close when trigger is hover",
            "insertions": 26,
            "deletions": 2
          },
          {
            "hash": "f57e1a51f146a8c81dc7a1719cba02bdd89c2058",
            "message": "Removed redundant click handlers",
            "insertions": 5,
            "deletions": 5
          }
        ]
      }
    ],
    "alyip98": [
      {
        "insertions": 8,
        "deletions": 1,
        "date": "2019-06-03",
        "commitResults": [
          {
            "hash": "aea00dcb5ae3bd4ba6ed49e4bc067543f15df216",
            "message": "Add dismissible box feature (#110)",
            "insertions": 8,
            "deletions": 1
          }
        ]
      },
      {
        "insertions": 132,
        "deletions": 0,
        "date": "2019-06-04",
        "commitResults": [
          {
            "hash": "814c8526ba990e8422cf0cb652a9ee3bdde944e9",
            "message": "Add thumbnails feature (#107)",
            "insertions": 132,
            "deletions": 0
          }
        ]
      },
      {
        "insertions": 3,
        "deletions": 4,
        "date": "2019-06-11",
        "commitResults": [
          {
            "hash": "959abd50def36142a89ac796dc8a113f410a1b69",
            "message": "Remove stray space after tooltip (#111)",
            "insertions": 3,
            "deletions": 4
          }
        ]
      }
    ]
  },
  "authorFinalContributionMap": {
    "openorclose": 53,
    "alyip98": 143
  },
  "authorFileFormatContributionMap": {
    "openorclose": {
      "java": 0,
      "js": 26,
      "css": 0,
      "json": 0,
      "md": 0,
      "py": 0,
      "vue": 27
    },
    "alyip98": {
      "java": 0,
      "js": 2,
      "css": 0,
      "json": 0,
      "md": 0,
      "py": 0,
      "vue": 141
    }
  },
  "authorContributionVariance": {
    "openorclose": 142.01506,
    "alyip98": 396.3858
  },
  "authorDisplayNameMap": {
    "openorclose": "Daryl",
    "alyip98": "Alfred"
  }
}
