{
  "repoSenseVersion": "e8bf034aaf",
  "reportGeneratedTime": "Fri Jul 19 18:17:17 2019 UTC+08:00",
  "repos": [
    {
      "location": {
        "location": "https://github.com/markbind/markbind.git",
        "repoName": "markbind",
        "organization": "markbind"
      },
      "branch": "master",
      "displayName": "markbind_markbind_master"
    },
    {
      "location": {
        "location": "https://github.com/markbind/vue-strap.git",
        "repoName": "vue-strap",
        "organization": "markbind"
      },
      "branch": "master",
      "displayName": "markbind_vue-strap_master"
    },
    {
      "location": {
        "location": "https://github.com/powerpointlabs/powerpointlabs.git",
        "repoName": "powerpointlabs",
        "organization": "powerpointlabs"
      },
      "branch": "dev-release",
      "displayName": "powerpointlabs_powerpointlabs_dev-release"
    },
    {
      "location": {
        "location": "https://github.com/powerpointlabs/PowerPointLabs-Website.git",
        "repoName": "PowerPointLabs-Website",
        "organization": "powerpointlabs"
      },
      "branch": "master",
      "displayName": "powerpointlabs_PowerPointLabs-Website_master"
    },
    {
      "location": {
        "location": "https://github.com/reposense/reposense.git",
        "repoName": "reposense",
        "organization": "reposense"
      },
      "branch": "master",
      "displayName": "reposense_reposense_master"
    },
    {
      "location": {
        "location": "https://github.com/se-edu/addressbook-level4.git",
        "repoName": "addressbook-level4",
        "organization": "se-edu"
      },
      "branch": "master",
      "displayName": "se-edu_addressbook-level4_master"
    },
    {
      "location": {
        "location": "https://github.com/se-edu/addressbook-level35.git",
        "repoName": "addressbook-level35",
        "organization": "se-edu"
      },
      "branch": "master",
      "displayName": "se-edu_addressbook-level35_master"
    },
    {
      "location": {
        "location": "https://github.com/se-edu/addressbook-level2.git",
        "repoName": "addressbook-level2",
        "organization": "se-edu"
      },
      "branch": "master",
      "displayName": "se-edu_addressbook-level2_master"
    },
    {
      "location": {
        "location": "https://github.com/se-edu/addressbook-level1.git",
        "repoName": "addressbook-level1",
        "organization": "se-edu"
      },
      "branch": "master",
      "displayName": "se-edu_addressbook-level1_master"
    },
    {
      "location": {
        "location": "https://github.com/TEAMMATES/teammates.git",
        "repoName": "teammates",
        "organization": "TEAMMATES"
      },
      "branch": "master",
      "displayName": "TEAMMATES_teammates_master"
    },
    {
      "location": {
        "location": "https://github.com/CATcher-org/CATcher.git",
        "repoName": "CATcher",
        "organization": "CATcher-org"
      },
      "branch": "master",
      "displayName": "CATcher-org_CATcher_master"
    }
  ],
  "sinceDate": "2019-05-13",
  "untilDate": "2019-07-19"
}
