{
  "repoSenseVersion": "0d3ba8a7da",
  "reportGeneratedTime": "Thu Jun 13 07:34:48 2019 UTC",
  "repos": [
    {
      "location": {
        "location": "https://github.com/reposense/RepoSense.git",
        "repoName": "RepoSense",
        "organization": "reposense"
      },
      "branch": "master",
      "displayName": "reposense_RepoSense_master"
    },
    {
      "location": {
        "location": "https://github.com/MarkBind/markbind.git",
        "repoName": "markbind",
        "organization": "MarkBind"
      },
      "branch": "master",
      "displayName": "MarkBind_markbind_master"
    },
    {
      "location": {
        "location": "https://github.com/TEAMMATES/teammates.git",
        "repoName": "teammates",
        "organization": "TEAMMATES"
      },
      "branch": "master",
      "displayName": "TEAMMATES_teammates_master"
    },
    {
      "location": {
        "location": "https://github.com/MarkBind/vue-strap.git",
        "repoName": "vue-strap",
        "organization": "MarkBind"
      },
      "branch": "master",
      "displayName": "MarkBind_vue-strap_master"
    },
    {
      "location": {
        "location": "https://github.com/powerpointlabs/powerpointlabs.git",
        "repoName": "powerpointlabs",
        "organization": "powerpointlabs"
      },
      "branch": "master",
      "displayName": "powerpointlabs_powerpointlabs_master"
    },
    {
      "location": {
        "location": "https://github.com/CATcher-org/CATcher.git",
        "repoName": "CATcher",
        "organization": "CATcher-org"
      },
      "branch": "master",
      "displayName": "CATcher-org_CATcher_master"
    }
  ],
  "sinceDate": "2019-05-13",
  "untilDate": "2019-06-13"
}
