{
  "authorDailyContributionsMap": {
    "ptvrajsk": [
      {
        "insertions": 72,
        "deletions": 23,
        "date": "2019-05-15",
        "commitResults": [
          {
            "hash": "391c416abad691067fbf05a87bcea5d0a123d3c6",
            "messageTitle": "Added Menu Bar \u0026 Shortcut functionalities.",
            "messageBody": "Implemented a menu bar following https://electronjs.org/docs/api/menu.\nSuccessfully run on \u0027npm start\u0027 however, compiling to a desktop app\ncauses error.\n",
            "insertions": 65,
            "deletions": 3
          },
          {
            "hash": "d08b1d80c70fd862f45e09199136048034ef12a5",
            "messageTitle": "Fixed Build Bug",
            "messageBody": "As per the last commit, the bug related to the building of the\napplication (specifically on MacOS) has been fixed. The app now\nfunctions with a working menu-bar and shortcuts (tested on Mac).\n",
            "insertions": 7,
            "deletions": 13
          },
          {
            "hash": "8107c3dc3b949a96584062c7ce6c62ff61e76279",
            "messageTitle": "Text-To-Speech Menu Removal",
            "messageBody": "Removed Text-To-Speech component as it was unecessary.\n",
            "insertions": 0,
            "deletions": 7
          }
        ]
      },
      {
        "insertions": 12,
        "deletions": 11,
        "date": "2019-05-16",
        "commitResults": [
          {
            "hash": "e1c6fd115a423bf12e571d21002a33f4db0ef626",
            "messageTitle": "Base href Comment",
            "messageBody": "Commented out the release code and placed a TODO comment as a reminder\nto remove prior to releasing as referenced in #49.\n",
            "insertions": 2,
            "deletions": 1
          },
          {
            "hash": "df96c2bba290af895bbee4e41196a5afe52dfa6c",
            "messageTitle": "Squashed Bug in Row Click",
            "messageBody": "Initially the click event was always registered by the entire row. As\nsuch even clicking a button on the particular row had caused the page to\nload a new routerlink and carry out the button\u0027s task as well. Hence\nwhen a click is detected on a button on the row, the event is not\npropogated to the row itself. Thus only carrying out the task of the\nbutton.\n",
            "insertions": 9,
            "deletions": 9
          },
          {
            "hash": "9de5657856ec7b484122c6baf99a689ef3200568",
            "messageTitle": "Discard Unexpected Change in File",
            "messageBody": "Accidental change in the file (removed a space). Reverted so that it\ndoes not appear as a changed file in the PR.\n",
            "insertions": 1,
            "deletions": 1
          }
        ]
      },
      {
        "insertions": 5,
        "deletions": 5,
        "date": "2019-05-17",
        "commitResults": [
          {
            "hash": "d1427101417e115a3b5b49861c6374de4ce89f26",
            "messageTitle": "Search bar widths increased (#60)",
            "messageBody": "* Search bar widths increased\r\n\r\nSearch Bar Widths for each phase has been increased to fill the size of\r\nthe grid they are positioned in. Mainly linked each mat-form-field to a\r\ncss class and increased the widths through the css implementation.\r\n\r\nRefer to  #54\r\n\r\n* Moved the CSS Style Class to Global CSS file.\r\n\r\nMoved the class that expands the search-bar\u0027s length to the global\r\nstyles.css to reduce repeated code.\r\n\r\n* Removed Erroneous Code\r\n\r\nAccidental Code that wasn\u0027t initially removed is now deleted.\r\n",
            "insertions": 5,
            "deletions": 5
          }
        ]
      },
      {
        "insertions": 78,
        "deletions": 6,
        "date": "2019-05-20",
        "commitResults": [
          {
            "hash": "bea3f019153d02e71b890dab19477205807e79f4",
            "messageTitle": "Replaced Pop-up dialog with Material Dialog.",
            "messageBody": "As per #46, replaced the pop-up with the material version that lies\nwithin the application rather than opening a new window that causes\nmodality issues.\n",
            "insertions": 78,
            "deletions": 6
          }
        ]
      },
      {
        "insertions": 4,
        "deletions": 4,
        "date": "2019-05-21",
        "commitResults": [
          {
            "hash": "507096abb7848083f3a1a578a89dcbc2f5386df1",
            "messageTitle": "Added Propoagtion stop for Delete Button Phase 1",
            "messageBody": "The delete button in the row of the table in Phase 1 was lacking the\nstopPropogation directive that caused the issue to open, it has now been\nadded.\n",
            "insertions": 1,
            "deletions": 1
          },
          {
            "hash": "9f2fbcc339e8f8ea0f8a3f9be6985788dfc66b11",
            "messageTitle": "Minor UI Tweak Duplicated Issues -\u003e Duplicates",
            "messageBody": "A minor UI Tweak that changes the header of the tables in Phase 2 from\n\"Duplicated Issues\" to Duplicates. Refer to #52.\n",
            "insertions": 3,
            "deletions": 3
          }
        ]
      },
      {
        "insertions": 132,
        "deletions": 16,
        "date": "2019-05-22",
        "commitResults": [
          {
            "hash": "66a53b386eb33431d8f4e88c4a255fa4ad1d0c8e",
            "messageTitle": "Profiles Select Menu Working",
            "messageBody": "The profiles select menu now works, we can now select a relevant profile\nand phase in the dropdown menu and autofill the user authentication\ndata.\n",
            "insertions": 108,
            "deletions": 3
          },
          {
            "hash": "2bbc31137edf632db085191e384dfb6bf4c80c5d",
            "messageTitle": "Style Fixes",
            "messageBody": "Added some commenting and code style fixes (Line length limit adherence.)\n",
            "insertions": 24,
            "deletions": 13
          }
        ]
      },
      {
        "insertions": 221,
        "deletions": 76,
        "date": "2019-05-23",
        "commitResults": [
          {
            "hash": "3e6f2bc613cfd6f5a573186e4d56a1f2a854cd5d",
            "messageTitle": "Profiles Selector",
            "messageBody": "Currently the Reading From JSON components and parsing of data to the\nrelevant fields is complete.\n\nNext: Create a Dialog informing the user of any errors in their json\nfile.\n",
            "insertions": 78,
            "deletions": 46
          },
          {
            "hash": "c35e6fa18ab14a5023c7a9943657869227a4772a",
            "messageTitle": "Working profiles.json reading and data validation.",
            "messageBody": "The app is now able to read from an internal profiles.json during the\ndev phase as well as an external profiles.json within the same directory\nas the app in production. This commit also includes some level of data\nvalidation to ensure that the json file is setup correctly.\n",
            "insertions": 143,
            "deletions": 30
          }
        ]
      },
      {
        "insertions": 19,
        "deletions": 2,
        "date": "2019-05-24",
        "commitResults": [
          {
            "hash": "aea84a71603e0f2bdd58f85a91c44378d4e861af",
            "messageTitle": "CodeStyle Changes",
            "messageBody": "Implemented some codestyle changes and code commenting.\n",
            "insertions": 1,
            "deletions": 1
          },
          {
            "hash": "eafbe056a14cacb4f624f7c1fe293d2040bb1829",
            "messageTitle": "Codestyle Fixes",
            "messageBody": "Added some comments to the code for clarity.\n",
            "insertions": 3,
            "deletions": 0
          },
          {
            "hash": "5c8d5c09cb531c67ad6aa957c65180dcd9d8bc57",
            "messageTitle": "Commented Out Auto-Dev tool Open Line",
            "messageBody": "Left the line commented out so that it can be re-used later in the dev\nphase. Reference to #74\n",
            "insertions": 1,
            "deletions": 1
          },
          {
            "hash": "b9786bfa3150b80fe0201e1035de4d682fa7648f",
            "messageTitle": "DevTools enabled in DevMode",
            "messageBody": "A built in function now verifies that the app is in DevMode prior to\ninserting the DevTools option. Now, prior to release, we need to\nuncomment the enableProdMode() function so that Electron knows not to\nadd the DevToolsMenu. Reference with #75\n",
            "insertions": 14,
            "deletions": 0
          }
        ]
      },
      {
        "insertions": 134,
        "deletions": 24,
        "date": "2019-05-28",
        "commitResults": [
          {
            "hash": "7ac8d8470603ca88d5081eebab69c4699e9edb29",
            "messageTitle": "State Save",
            "messageBody": "Correctly Pulled roles csv data from correct repo. Saving changes.\n",
            "insertions": 4,
            "deletions": 1
          },
          {
            "hash": "d7ba1d404435012cc2ac52367a3a8f41d8a0f978",
            "messageTitle": "Duplicate Issue Dropdown Text Fix (#65)",
            "messageBody": "* Duplicate Dropdown Text Fix\r\n\r\nPreviously the duplicate items that have long names would not display\r\nthe \u0027A duplicated issue\u0027 tag [They would be outside the box]. Fixed the\r\nissue with some styling and ngStyle where the width restriction only\r\nactivates if the issue is a duplicate one.\r\n\r\n* Selective ToolTips\r\n\r\nTooltips appear in the duplicates dropdown menu only when the text has\r\nbeen truncated or obscured by the (Duplicate Issue) postfix.\r\n\r\n* Rename Function\r\n\r\nRenaming of function to increase consistency with its return value and\r\nwhat the return signifies.\r\n\r\n* Minor Tweaks\r\n\r\nChanged the following\r\n    -   Div under mat option now follows a style class instead of id\r\n    -   Threshold to display non-duplicate tooltip\r\n    -   CSS ID to Class\r\n\r\n* Code style Fixes\r\n\r\nChanges to the code style to improve clarity and adhere to the 80\r\ncharacter code length limit.\r\n\r\n* Further Codestyle Fixes\r\n",
            "insertions": 57,
            "deletions": 14
          },
          {
            "hash": "e763dc2a73347cd2837c612432fdca0d57da378e",
            "messageTitle": "Manual Parsing Working",
            "messageBody": "Manual Parsing is working but need to search for an existing library.\nSaving state.\n",
            "insertions": 73,
            "deletions": 9
          }
        ]
      },
      {
        "insertions": 311,
        "deletions": 156,
        "date": "2019-05-30",
        "commitResults": [
          {
            "hash": "0cbfd1a8ce5535ae8ae4f8caf8c1c7eaa5a42623",
            "messageTitle": "Working CSVImport and Parser",
            "messageBody": "Current version of csv import and parsing works completely, now working\non reducing verbosity and improving coding standard.\n",
            "insertions": 225,
            "deletions": 74
          },
          {
            "hash": "c025f0528bb47616f52793000d799768a1e35c51",
            "messageTitle": "Fixed Console ValueChangeAfterCheck Error",
            "messageBody": "Fixed an error that appears in the console.\n",
            "insertions": 12,
            "deletions": 8
          },
          {
            "hash": "ecfb3bc322b23dcc09e02fd229149f5e47912af8",
            "messageTitle": "Removed Unecessary ConsoleLog",
            "messageBody": "",
            "insertions": 0,
            "deletions": 1
          },
          {
            "hash": "95711b69cb615c36e295e2f6fcfe719a31cfd50c",
            "messageTitle": "Code cleanup and Working CSV Import",
            "messageBody": "CSV Import is fully working. This commit mainly does some code cleanup\nand reduction in verbosity.\n",
            "insertions": 62,
            "deletions": 61
          },
          {
            "hash": "d4a0bf6c11b47c34e5486ed3d3088d963276a7ed",
            "messageTitle": "Remove Unused Imports",
            "messageBody": "",
            "insertions": 11,
            "deletions": 11
          },
          {
            "hash": "392a26545e3fad95c6dd5c1ea103600fdc237ef8",
            "messageTitle": "Naming Convention Change",
            "messageBody": "",
            "insertions": 1,
            "deletions": 1
          }
        ]
      },
      {
        "insertions": 54,
        "deletions": 74,
        "date": "2019-05-31",
        "commitResults": [
          {
            "hash": "6b1077fded95815afb2734bfe5c6c90f56df7c63",
            "messageTitle": "Restructure CSV Data",
            "messageBody": "A single CSV file is now able to construct the Datafile in a JSON format\nfor the application.\n",
            "insertions": 13,
            "deletions": 31
          },
          {
            "hash": "0d8b00cdd2d83119f73e11b0cdd7b1499d470c87",
            "messageTitle": "Admin No Longer Requires a Team",
            "messageBody": "Previously the admin had to be assigned to a team to log in. That\nrequirement has been removed.\n",
            "insertions": 31,
            "deletions": 28
          },
          {
            "hash": "acb7990d55d936488e60965b4ef98d9d686b0ab6",
            "messageTitle": "Style Fixes",
            "messageBody": "",
            "insertions": 6,
            "deletions": 9
          },
          {
            "hash": "def19cdf0d31a7c084e92344bc45ee44a31de906",
            "messageTitle": "README.md Updated to Reflect use of data.csv",
            "messageBody": "",
            "insertions": 4,
            "deletions": 6
          }
        ]
      },
      {
        "insertions": 35,
        "deletions": 74,
        "date": "2019-06-04",
        "commitResults": [
          {
            "hash": "c3a22d6b26c481acf31f21b8c6f210076dde58f0",
            "messageTitle": "Working Directory Isolation",
            "messageBody": "By using IPC to communicate the application directory during dev mode\nand regex to isolate the .app / .exe during production mode there will\nbe no need to differentiate between Dev and Prod mode to source for\nprofiles.json.\n",
            "insertions": 9,
            "deletions": 0
          },
          {
            "hash": "5985bdb7494760a6790d25d0ad4de1a1021aa1be",
            "messageTitle": "Fully working Profiles.json Import",
            "messageBody": "Proceeding with some code cleanup.\n",
            "insertions": 18,
            "deletions": 50
          },
          {
            "hash": "8f284d23a61d6db37894514f9ea11b5646758a17",
            "messageTitle": "Code Style Cleanup",
            "messageBody": "",
            "insertions": 2,
            "deletions": 6
          },
          {
            "hash": "f8d88f8c4ffa885f874e59ab0de232fb01e1d6fa",
            "messageTitle": "Codestyle Fixes",
            "messageBody": "",
            "insertions": 6,
            "deletions": 18
          }
        ]
      },
      {
        "insertions": 18,
        "deletions": 23,
        "date": "2019-06-06",
        "commitResults": [
          {
            "hash": "b74cfeb8792ed1632e95b61f505f8ee030793864",
            "messageTitle": "Codestyle Fixes",
            "messageBody": "",
            "insertions": 18,
            "deletions": 23
          }
        ]
      },
      {
        "insertions": 15,
        "deletions": 12,
        "date": "2019-06-07",
        "commitResults": [
          {
            "hash": "0dc13f4c34a13ce3ba87e13e9a66c216a703f483",
            "messageTitle": "Style Fix",
            "messageBody": "",
            "insertions": 15,
            "deletions": 12
          }
        ]
      },
      {
        "insertions": 30,
        "deletions": 12,
        "date": "2019-06-10",
        "commitResults": [
          {
            "hash": "d9bb7ed145f0bed92c9f766892d96bdc57d42d55",
            "messageTitle": "State Save. To Test on Windows",
            "messageBody": "",
            "insertions": 30,
            "deletions": 12
          }
        ]
      },
      {
        "insertions": 3,
        "deletions": 5,
        "date": "2019-06-11",
        "commitResults": [
          {
            "hash": "44af1f179e1e454f34f0c254147ea3d0342b8d01",
            "messageTitle": "Codestyle Cleanup",
            "messageBody": "",
            "insertions": 3,
            "deletions": 5
          }
        ]
      },
      {
        "insertions": 88,
        "deletions": 18,
        "date": "2019-06-12",
        "commitResults": [
          {
            "hash": "3e748e65b30f9bff450ec8b2b5d4a610c229aec6",
            "messageTitle": "Working Profiles Selector",
            "messageBody": "",
            "insertions": 88,
            "deletions": 18
          }
        ]
      },
      {
        "insertions": 23,
        "deletions": 21,
        "date": "2019-06-14",
        "commitResults": [
          {
            "hash": "9c46cfcbf1c98ce043f67f2bfc5a6c83b6bf1017",
            "messageTitle": "Minor Bug Fix \u0026 Feature",
            "messageBody": "Fixed JSON Validity Check Feature as well as auto selection of Default\nProfile should one exist.\n",
            "insertions": 22,
            "deletions": 20
          },
          {
            "hash": "40eeea0fc0a8d0e85e7de7001a36a798e959e119",
            "messageTitle": "Minor Bug Fix",
            "messageBody": "If None option was selected, the other options became blank. Fixed\nissue.\n",
            "insertions": 1,
            "deletions": 1
          }
        ]
      },
      {
        "insertions": 145,
        "deletions": 51,
        "date": "2019-06-21",
        "commitResults": [
          {
            "hash": "54c91e20a72d3085088e63a33f47f936ca3785ea",
            "messageTitle": "Labels Setup (#88)",
            "messageBody": "* Labels Setup\r\n\r\nCompulsory Labels are now verified and created on login. This goes\r\ntogether with V2 of the app since the initial repository belongs in each\r\nstudent\u0027s account, now we can ensure that the repo has been properly\r\nsetup with the necessary labels.\r\n\r\n* Code style fixes\r\n\r\n* Label Color Verification On Login\r\n\r\n* Refactored Label Data Validation\r\n\r\n* Code Refactoring\r\n\r\n* Label Interface to Class Morphing\r\n\r\n* Lint Fixes\r\n\r\n* Codestyle Fixes \u0026 Assertion Error Implementation\r\n\r\n* Codestyle Fixes\r\n\r\n* Further CodeStyle Fixes\r\n\r\n* Further CodeStyle Fixes\r\n\r\n* Further Codestyle nit Fixes\r\n",
            "insertions": 145,
            "deletions": 51
          }
        ]
      },
      {
        "insertions": 20,
        "deletions": 25,
        "date": "2019-06-24",
        "commitResults": [
          {
            "hash": "fbc998cf40c8a2b7e6e9cafd8b20080229cb4145",
            "messageTitle": "Removed Reset Function (#98)",
            "messageBody": "",
            "insertions": 0,
            "deletions": 7
          },
          {
            "hash": "8142f31fe6c17d40bdcde3f7d1fb753ff6fcce8b",
            "messageTitle": "Fix Profiles Bug (#96)",
            "messageBody": "* Fix Profiles Bug\r\n\r\n* Codestyle Fixes\r\n",
            "insertions": 20,
            "deletions": 18
          }
        ]
      },
      {
        "insertions": 380,
        "deletions": 587,
        "date": "2019-07-08",
        "commitResults": [
          {
            "hash": "5af067c3e0b153039a647c10e90fce27ba5965f9",
            "messageTitle": "Table Restructure (#115)",
            "messageBody": "* Refactor data-tables dir to issue-tables\r\n\r\n* IssueTable Skeleton Implemented in Phase 2\r\n\r\n* IssueTable Skeletal Component\r\n\r\n* Working Basic Table Structure\r\n\r\n* Lint Fix\r\n\r\n* Working Prototype of Table Component\r\n\r\n* Testing Table Component.\r\n\r\nCurrently there is a copy of the Table Component in Phase3 and the\r\nIssues-Pending Component in Phase2. These are currently present to tweak\r\nthe UI to make sure that everything is functioning and acting as it\r\nshould be.\r\n\r\nA copy of the Table Component must also be placed in Phase1 to test it\r\nfurther and once the tests are complete, replace all hard-coded tables\r\nwithin the app-phases.\r\n\r\n* Phase1 Tests Added\r\n\r\n* Phase 2 Table Copies Implemented\r\n\r\n* Completed Table Component\r\n\r\nPreviously hard-coded tables have been replaced with the table\r\ncomponent. To begin testing functionality.\r\n\r\n* Remove label.service.ts changes\r\n\r\n* Assignee Style Fix\r\n\r\n* Visual Fixes\r\n\r\n* Further Visual Fixes\r\n\r\n* Clickable Area Highlights\r\n\r\n* Severity Label Fixes\r\n\r\n* Action Click Issue\r\n\r\n* Code Fixes\r\n\r\n* Codestyle Fixes\r\n\r\n* Jasmine Fix\r\n",
            "insertions": 380,
            "deletions": 587
          }
        ]
      },
      {
        "insertions": 193,
        "deletions": 112,
        "date": "2019-07-10",
        "commitResults": [
          {
            "hash": "0a82be674a4a9cd6fa721ff58b103a96dc1296f3",
            "messageTitle": "Remote Phase Determination (#102)",
            "messageBody": "* State Save\r\n\r\nCurrently implementing phase determination to Auth Service.\r\n\r\n* Rename phase.json to settings.json\r\n\r\n* State Save\r\n\r\n* Working Remote Phase Determination\r\n\r\nThe app currently refers to a `settings.json` in a relevant repository\r\nspecified by the user in the authentication field.\r\n\r\n* Code Restructuring\r\n\r\n* Remote Phase Determination Complete\r\n\r\n* Disabled Current Phase in Menu\r\n\r\n* getPhaseOwner Description Fix\r\n",
            "insertions": 193,
            "deletions": 112
          }
        ]
      },
      {
        "insertions": 733,
        "deletions": 71,
        "date": "2019-07-20",
        "commitResults": [
          {
            "hash": "450196150b1ae391981494dd5f03a4acf2299751",
            "messageTitle": "V3 (#130)",
            "messageBody": "* Skeletal PhaseTesterResponseComponent Setup\r\n\r\nBasic Component, Module and Routing structure have been setup. Issue\r\nPermission and Changes to SessionData Object have been captured as well.\r\nProceeding to implement the internals of the TesterResponse Phase.\r\n\r\n* Add skeleton files for issue component\r\n\r\n* Change to correct path\r\n\r\n* Setup issue component\r\n\r\n* Child Components\r\n\r\nThe Pending and Responded Issues have been abstracted to their own\r\ncomponents to be manipulated later.\r\n\r\n* Phase template for tester response phase\r\n\r\n* Add tester response model\r\n\r\n* Edit the phase permission for tester response\r\n\r\n* Search Filter\r\n\r\n* Fix bug where label column does not appear in new phase\r\n\r\n* Fix regex for tester response description\r\n\r\n* Add function in issue service to read tester response\r\n\r\n* Set up tester-response component\r\n\r\n* Tester response submission\r\n\r\n* Add edit mode for tester response\r\n\r\n* New tester response\r\n\r\n* Adjust filter for tables\r\n\r\n* Added Dynamic Form Possibility to CommentEditor\r\n\r\n* Permissions Fix\r\n\r\n* Fix the spacing for items in TesterResponse\r\n\r\n* Fix action button not appearing\r\n\r\n* Remove NEW_TESTER_RESPONSE enum\r\n\r\n* Add tester response to phase 3\r\n\r\n* Fix bug where tutor cannot edit tester response\r\n\r\n* Only change status for new response\r\n\r\n* Change permission for TesterResponse phase\r\n\r\n* Change permission for student\r\n\r\n* Fix Regression Issue\r\n\r\nAfter adding dynamic capabilities to the comment-editor. The static\r\nversion of it stopped responding as expected (displaying previously\r\nentered content). The issue has been fixed by preventing the\r\ncomment-editor class from setting a value if an `initialDescription` has\r\nnot been provided.\r\n\r\n* Refactor TesterResponse attribute name\r\n\r\n* Add Enum for displayed columns\r\n\r\n* Add missing import space app.module\r\n\r\n* Add missing import space auth.module\r\n\r\n* Initial CommentEditorControl Value Removed\r\n\r\n* CommentEditor ID Compulsory\r\n\r\n* CommentEditor Compulsory Inputs Validation\r\n",
            "insertions": 733,
            "deletions": 71
          }
        ]
      },
      {
        "insertions": 5,
        "deletions": 5,
        "date": "2019-07-22",
        "commitResults": [
          {
            "hash": "dac6035ab0d6f3d77f700bfab1a52bc6fe56ea49",
            "messageTitle": "Changes from Public to Private",
            "messageBody": "",
            "insertions": 5,
            "deletions": 5
          }
        ]
      },
      {
        "insertions": 225,
        "deletions": 225,
        "date": "2019-07-23",
        "commitResults": [
          {
            "hash": "4529b29a5159d2ebf810f058eb4e8f74763d9333",
            "messageTitle": "Phase Renaming (#135)",
            "messageBody": "* Phase3 Renamed to PhaseModeration\r\n\r\n* Phase2 Renamed to PhaseTeamResponse\r\n\r\n* Renamed Phase1 to PhaseBugReporting\r\n\r\n* Minor Code Cleanups\r\n\r\n* Lint Fix\r\n\r\n* Fix Phase3 TesterResponse Display\r\n",
            "insertions": 223,
            "deletions": 222
          },
          {
            "hash": "1407ca542ffd85daf706bcfc3698f6ba661c3246",
            "messageTitle": "Link to UserGuide",
            "messageBody": "",
            "insertions": 2,
            "deletions": 3
          }
        ]
      },
      {
        "insertions": 54,
        "deletions": 29,
        "date": "2019-07-24",
        "commitResults": [
          {
            "hash": "7a33d09512f03aba16075e2bc0b37f95f8066585",
            "messageTitle": "Labels Update (#143)",
            "messageBody": "* Change getFormattedName() in Label Model\r\n\r\nIn preparation of a new set of labels (some which do not contain a\r\ncategory), the afore mentioned method had to be morphed to accomodate\r\nlabels that have no category.\r\n\r\n* Updated Label Set \u0026 Parsing Methods\r\n\r\nParsing Methods did not previously account for labels that might not\r\ncontain a category. It has now been updated to account for it.\r\n\r\n* Jasmine Tests Update\r\n",
            "insertions": 51,
            "deletions": 26
          },
          {
            "hash": "c790084e52030cbf4b95bf46045984f1668ab4b8",
            "messageTitle": "Session Info Input Change",
            "messageBody": "Session Information was previously using \u003ctextarea /\u003e and now uses \u003cinput /\u003e\n",
            "insertions": 1,
            "deletions": 1
          },
          {
            "hash": "36228d775ef58bcfd05f5f5a92dbcc6604f0be68",
            "messageTitle": "Length \u0026 Placeholder Tweaks",
            "messageBody": "",
            "insertions": 2,
            "deletions": 2
          }
        ]
      },
      {
        "insertions": 12,
        "deletions": 3,
        "date": "2019-07-25",
        "commitResults": [
          {
            "hash": "12b65725a3e9592a970014a52a66656a43803789",
            "messageTitle": "Changed Dropdown Names and Selected Phase Indication (#152)",
            "messageBody": "* Changed Dropdown Names and selected Indication\r\n\r\n* DropDown UI Enhancements\r\n\r\n* Display Actual Titles\r\n",
            "insertions": 12,
            "deletions": 3
          }
        ]
      },
      {
        "insertions": 1,
        "deletions": 1,
        "date": "2019-07-26",
        "commitResults": [
          {
            "hash": "f934d0756719b634576fb339b7d599ce9ea5b2c1",
            "messageTitle": "Change back to Settings.json (#156)",
            "messageBody": "",
            "insertions": 1,
            "deletions": 1
          }
        ]
      },
      {
        "insertions": 37,
        "deletions": 12,
        "date": "2019-07-30",
        "commitResults": [
          {
            "hash": "1c8984f2b9672c72e65d770dc10566dde31613e1",
            "messageTitle": "CommentEditor Toggling (#153)",
            "messageBody": "* If Disagree is not checked Input is Ignored.\r\n\r\nAdded the toggle comment section functionality in the TesterResponse\r\nComponent.\r\n\r\n* Fix Checkbox Issue\r\n",
            "insertions": 29,
            "deletions": 10
          },
          {
            "hash": "a97674a460db047503e8c60cf92ca93610910dcb",
            "messageTitle": "Fix For Empty Repo (#158)",
            "messageBody": "Previously code did not account for the fact that User Repos will be\r\ninitially empty thus causing some errors. They have now been adjusted to\r\naccount for empty repos.",
            "insertions": 8,
            "deletions": 2
          }
        ]
      },
      {
        "insertions": 26,
        "deletions": 37,
        "date": "2019-08-20",
        "commitResults": [
          {
            "hash": "59bf7867d3d3655c4d86e8a447598d4096e995ef",
            "messageTitle": "Updates to README.md (#169)",
            "messageBody": "* Updates to README.md\r\n\r\n* Nit Fixes\r\n\r\n* Removal of Label Information\r\n",
            "insertions": 26,
            "deletions": 37
          }
        ]
      },
      {
        "insertions": 4,
        "deletions": 4,
        "date": "2019-08-26",
        "commitResults": [
          {
            "hash": "6f18f2047de5c54dc8758de632655e2ede854173",
            "messageTitle": "Deprecated API Fixes. (#170)",
            "messageBody": "A few areas in which the \"number\" key is deprecated has been replaced\r\nwith the updated \"issue_number\" key.",
            "insertions": 4,
            "deletions": 4
          }
        ]
      },
      {
        "insertions": 129,
        "deletions": 33,
        "date": "2019-09-03",
        "commitResults": [
          {
            "hash": "c217711e36669f7ca367c14d6a3c3b1671d17beb",
            "messageTitle": "Dev Response Phase Fixed to Follow Template (#171)",
            "messageBody": "* Fixed Parsing From Comment for Dev Response\r\n\r\nTeam Response phase now takes the data from the comment (following the\r\ntemplate) instead of the description itself.\r\n\r\nTODO: Ensure that updates to the Dev Response (Either new or editing)\r\nboth correctly gets updated to the comment instead of the description.\r\n\r\n* Temp Commit\r\n\r\nAttempting to replicate a weird bug where the output emitter from\r\nnew-team-response-component.ts is not triggering the function to update\r\nthe issueComment that is necesary to allow editing of a new comment.\r\n\r\n* Fixed Comment Updates\r\n\r\nTeamResponse now relies on the IssueComment to store the Team\u0027s\r\nResponse.\r\n\r\n* Lint Fixes\r\n\r\n* Nit Fixes\r\n\r\n* Fixed issue where Duplicates were not displayed.\r\n\r\nDuplicates now display correctly when assigned to an edited / new issue.\r\nAlso noticed an issue whereby the latest comment of an issue is not\r\nfetched (needed to work in the case where a new issue is assigned a\r\nduplicate and the duplicate is then removed.) So added the functionality\r\nto retrieve the most recent comment that matches the required template.\r\n\r\n* Fixed issue where duplicate disappears upon edit.\r\n",
            "insertions": 129,
            "deletions": 33
          }
        ]
      },
      {
        "insertions": 187,
        "deletions": 11,
        "date": "2019-09-09",
        "commitResults": [
          {
            "hash": "d7ad194450159b2769af610bfe59abcad3506b67",
            "messageTitle": "BugReportingRepository will be automatically created for Students (#189)",
            "messageBody": "* BugReport Repo will be automatically created.\r\n\r\nThe BugReporting Phase Repository will be automatically created and\r\nsetup if it is missing during the initial log-in. Since the users are\r\nrequired to have this repo for the PE.\r\n\r\n* Streamline Repo Creation Process\r\n\r\nRepository Initialization works only for the Bug Reporting Phase and\r\nonly for Students in that phase. (So Tutors/Admins will not have a\r\nrandom repository created in their account). Error messages have been\r\nput in place to identify any potential faliures.\r\n\r\n* Usage of ErrorCode Constant\r\n\r\n* Lint Fix\r\n\r\n* Artificial wait time for repo creation\r\n\r\n* User Permission Requested prior to Repo Creation\r\n\r\nThe app now seeks the user\u0027s permission prior to initializing the\r\nBugReportingPhase\u0027s repository in their account (should it be missing).\r\n\r\n* Error Message Fix\r\n\r\n* Method Description Fix\r\n",
            "insertions": 187,
            "deletions": 11
          }
        ]
      },
      {
        "insertions": 655,
        "deletions": 41,
        "date": "2019-09-25",
        "commitResults": [
          {
            "hash": "f1a1bb6dd4275f7a7a30913045f9292123a410b9",
            "messageTitle": "Enhancements to Session Fix Confirmations (#203)",
            "messageBody": "- Previously confirmation would be used for any phase where the\r\nrepository was detected to be unavailable but it has now been narrowed\r\nto the BugReportingPhase\r\n- Instead of No Thanks | Ok, changed to No Thanks | Yes to the \"Would\r\nyou like ... \" question.",
            "insertions": 2,
            "deletions": 2
          },
          {
            "hash": "36f68d405e1558894a2fc82e503113cd3255dad0",
            "messageTitle": "Refactor issue model (#201)",
            "messageBody": "* Create templating classes for issue model\r\n\r\n* Add string representation of sections\r\n\r\n* Add return types to base issue\r\n\r\n* Migrate bug reporting phase to use the new model\r\n\r\n* Remove unused import\r\n\r\n* Fix typo\r\n\r\n* Update import style\r\n\r\n* Rank Labels\r\n\r\n* Rename methods\r\n\r\n* Lint Fix: const instead of let\r\n\r\n* Migrated TeamResponsePhase to use BaseIssue\r\n\r\ncreateIssueModel has been modified to work with baseIssue for the\r\nTeamResponsePhase.\r\n\r\n* Empty commit\r\n\r\n* Fix Team Response Parsing\r\n\r\n* TeamResp. Mostly working, left comment error\r\n\r\n* Refactor of Issue Model Creation for TeamResponse\r\n\r\nIssueModel Creation for TeamResponse has been refactored to follow the\r\nnew mode. The description reading bug has also been fixed as of this\r\ncommit.\r\n\r\n* Fixed Duplicate Info Display\r\n\r\nDuplicate information was not being correctly displayed on toggle. Issue\r\nhas now been fixed.\r\n\r\n* Fixed Severity Toggling\r\n\r\nSeverity Toggle Used to reset the issue in some cases. That issue has\r\nbeen resolved.\r\n\r\n* Fix Issue Duplicate Removing Description\r\n\r\n* Fix same issue with Assignees\r\n\r\n* Lint Fix\r\n",
            "insertions": 653,
            "deletions": 39
          }
        ]
      },
      {
        "insertions": 52,
        "deletions": 23,
        "date": "2019-10-01",
        "commitResults": [
          {
            "hash": "d8dbf6954d3de6d00ccd31f4259e47b16054816f",
            "messageTitle": "UI Fix (#207)",
            "messageBody": "* UI Fix\r\n\r\n* Shift Label Before Checkbox\r\n",
            "insertions": 4,
            "deletions": 4
          },
          {
            "hash": "2f66739be81cab3ebb12641ef1a4fc32f586146c",
            "messageTitle": "Enter Key Triggers Login + Spinner for UI (#208)",
            "messageBody": "* Enter Key Triggers Login + Spinner for UI\r\n\r\nEnter key now triggers a login and a spinner appears to signal to the\r\nuser that the authentication process is underway.\r\n\r\n* Authentication Check Abstraction\r\n",
            "insertions": 22,
            "deletions": 10
          },
          {
            "hash": "2b102b64345714d7279cb0031e07edbbdcb09b7a",
            "messageTitle": "Fix Image Format Recognition (#212)",
            "messageBody": "",
            "insertions": 1,
            "deletions": 1
          },
          {
            "hash": "d4fa3c97e81927ff73754add108d00401a3dc655",
            "messageTitle": "Add Newline after Input (#215)",
            "messageBody": "",
            "insertions": 9,
            "deletions": 1
          },
          {
            "hash": "ac68b6606230e2ce16f800c8ad967579e81567af",
            "messageTitle": "Icon to Amber and Changed Prompt (#214)",
            "messageBody": "",
            "insertions": 2,
            "deletions": 1
          },
          {
            "hash": "a660188193954242d9c99177e7b35d11ff6dd50a",
            "messageTitle": "Dynamic Application Title (#213)",
            "messageBody": "* Dynamic Application Title\r\n\r\nThe application now reads the title data from the package.json (which we\r\nwill update with each release) to reduce the need for a more manual\r\nsystem of updates.\r\n\r\n* App Version Update\r\n\r\n* Changed || to -\r\n",
            "insertions": 13,
            "deletions": 5
          },
          {
            "hash": "9257ae5fda9eb0ddc30815b6303e07459495d0ba",
            "messageTitle": "Compiler Requires Method to not be Private (#217)",
            "messageBody": "",
            "insertions": 1,
            "deletions": 1
          }
        ]
      },
      {
        "insertions": 53,
        "deletions": 15,
        "date": "2019-10-04",
        "commitResults": [
          {
            "hash": "dd8284036268f3733b0862bcb3852831e188fe96",
            "messageTitle": "Default profiles (#225)",
            "messageBody": "* TypeScript Fix\r\n\r\n* Add Capability for Coded Default Profiles\r\n",
            "insertions": 50,
            "deletions": 10
          },
          {
            "hash": "6bed81b36f44f1f58659d8a6dfb84ee68b99ba8a",
            "messageTitle": "Tester Re-responded fix (#224)",
            "messageBody": "* TypeScript Fix\r\n\r\n* Force Status Done when submit is clicked\r\n",
            "insertions": 1,
            "deletions": 4
          },
          {
            "hash": "dac411b69d65727e106af0ff2e779914b8cf5851",
            "messageTitle": "Fixed Dashed Line Break Issue (#222)",
            "messageBody": "Initially if the user keys in a set of dashes (for a line break) that is\r\n\u003e 19 the app will not parse the tester response properly but now the app\r\ncan parse the response as long as the number of dashes is not exactly 19",
            "insertions": 2,
            "deletions": 1
          }
        ]
      },
      {
        "insertions": 1,
        "deletions": 1,
        "date": "2019-10-06",
        "commitResults": [
          {
            "hash": "dca3162b35d9b0493fee38c9400f3b07b2fc1606",
            "messageTitle": "Image upload detection fix (#223)",
            "messageBody": "* TypeScript Fix\r\n\r\n* Fixed Text Change Detection\r\n",
            "insertions": 1,
            "deletions": 1
          }
        ]
      },
      {
        "insertions": 36,
        "deletions": 7,
        "date": "2019-10-16",
        "commitResults": [
          {
            "hash": "d4d9289617ab590214af41346192595010685fc1",
            "messageTitle": "Table title text overflow (#248)",
            "messageBody": "* TypeScript Fix\r\n\r\n* Fix for Table Title Overflow\r\n\r\n* Added a function that will optimize the title\r\n",
            "insertions": 20,
            "deletions": 1
          },
          {
            "hash": "a430e42136d839a9b106ad152daa84ba171d9ee3",
            "messageTitle": "Data table sorting fix (#250)",
            "messageBody": "* TypeScript Fix\r\n\r\n* Added Sorting Support for more Issue Types\r\n\r\n* Added Support for Undefined Type / Severity Sorting\r\n",
            "insertions": 4,
            "deletions": 2
          },
          {
            "hash": "00715596aa10fcf9e3eb6906b60bd7ef68989168",
            "messageTitle": "Prevent Empty Submissions (#252)",
            "messageBody": "* TypeScript Fix\r\n\r\n* New Lines will not be added if text is empty\r\n\r\nPrevents the addition of new lines if the text in the comment editor is\r\nalready empty. This will prevent the new lines from being automatically\r\nadded and thus not enabling the submit button when there are empty\r\nlines.\r\n\r\n* Removes Text if only Blank Lines / New Lines are Detected\r\n",
            "insertions": 6,
            "deletions": 1
          },
          {
            "hash": "547aeb0d56505c748297c711840e48330f452c25",
            "messageTitle": "Assignee flicker fix (#251)",
            "messageBody": "* TypeScript Fix\r\n\r\n* Fix for Checkbox Flicker Issue\r\n\r\nEnsured that updating of assignees happens after the select box is\r\nclosed instead of when the selection is made itself.\r\n\r\n* Prevent Issue Mutation Prior to Backend Update\r\n",
            "insertions": 6,
            "deletions": 3
          }
        ]
      },
      {
        "insertions": 11,
        "deletions": 10,
        "date": "2019-10-21",
        "commitResults": [
          {
            "hash": "4dccae75561c605a88c7514a8a1f8dcd00bb2b4b",
            "messageTitle": "Remove UG link (#256)",
            "messageBody": "* TypeScript Fix\r\n\r\n* Removed the UserGuide Link\r\n\r\nTemporary Commented out the link for now.\r\n",
            "insertions": 10,
            "deletions": 9
          },
          {
            "hash": "5c4e8b154ccf8ad41ca0d6d319323e02760b8542",
            "messageTitle": "Tester response preview issue (#257)",
            "messageBody": "* TypeScript Fix\r\n\r\n* Fix for undefined issue on CommentEditor\r\n",
            "insertions": 1,
            "deletions": 1
          }
        ]
      },
      {
        "insertions": 139,
        "deletions": 52,
        "date": "2019-10-22",
        "commitResults": [
          {
            "hash": "625f198c65431ea07649b5a300e48dfbe7212488",
            "messageTitle": "Comment editor enhancements (#263)",
            "messageBody": "* TypeScript Fix\r\n\r\n* Save Button disabled on Upload\r\n\r\nSave Button will be disabled when an upload is initiated and re-enabled\r\nwhen upload is complete. This is currently only working in the\r\nTester-Response phase.\r\n\r\n* Submit Button Disabled During File Upload for all Phases\r\n\r\n* Button Text Modification on Upload\r\n\r\nWhen a file is uploaded, the button text is changed to reflect that the\r\nbutton is disabled to allow for the uploading of a file.\r\n\r\n* Change Uploading Button Text\r\n\r\n* Fix App Break Mid Upload\r\n\r\nPreviously when a file (not image) is in mid-upload stage, changing to\r\npreview and clicking the makdown-hyperlink causes the app to break / log\r\nthe user out in some cases. This has been fixed by simply letting the\r\nmid upload text exclude the parenthesis at the end.\r\n",
            "insertions": 134,
            "deletions": 47
          },
          {
            "hash": "6f5c6bc0c27377fe19b723f8ccdc978ad5207f03",
            "messageTitle": "Added dash in data csv (#264)",
            "messageBody": "* TypeScript Fix\r\n\r\n* Added support for Additional Dash in data.csv team\r\n",
            "insertions": 5,
            "deletions": 5
          }
        ]
      },
      {
        "insertions": 15,
        "deletions": 3,
        "date": "2019-10-23",
        "commitResults": [
          {
            "hash": "25e75722c854ea2ee45375c2f742a8a85171b57a",
            "messageTitle": "New label change issue (#271)",
            "messageBody": "* TypeScript Fix\r\n\r\n* Fix Issue where changing label breaks setting\r\n",
            "insertions": 2,
            "deletions": 1
          },
          {
            "hash": "243b0aa680bb338411265837423fcd07b4da7e25",
            "messageTitle": "Copy paste image upload support (#270)",
            "messageBody": "* TypeScript Fix\r\n\r\n* Allow Button Disabling for Image Upload on Copy Paste\r\n",
            "insertions": 12,
            "deletions": 1
          },
          {
            "hash": "706fa5e2aee71466c37bba048235b55816679b8f",
            "messageTitle": "Double enter key trigger (#269)",
            "messageBody": "* TypeScript Fix\r\n\r\n* Fix for Double Enter Trigger\r\n",
            "insertions": 1,
            "deletions": 1
          }
        ]
      },
      {
        "insertions": 49,
        "deletions": 11,
        "date": "2019-10-29",
        "commitResults": [
          {
            "hash": "3018cdc5e295a32abd6c0df11ad02735560edcb5",
            "messageTitle": "Comment editor button disabling fix (#279)",
            "messageBody": "* TypeScript Fix\r\n\r\n* Fix File Disabling, Enabling and Text\r\n\r\n* LastUploaded File Enables SubmitButton\r\n",
            "insertions": 49,
            "deletions": 11
          }
        ]
      }
    ],
    "KevinCJH": [
      {
        "insertions": 45,
        "deletions": 38,
        "date": "2019-05-15",
        "commitResults": [
          {
            "hash": "27afb3d3ff44ecfa45e7cae17ba0cb9ed91dd88d",
            "messageTitle": "update new issue page ui",
            "messageBody": "",
            "insertions": 45,
            "deletions": 38
          }
        ]
      },
      {
        "insertions": 79,
        "deletions": 29,
        "date": "2019-05-16",
        "commitResults": [
          {
            "hash": "6dc38153023f9a6a94e34b51de7321be2a17fdd3",
            "messageTitle": "Add label colors to labels in table and issue",
            "messageBody": "",
            "insertions": 77,
            "deletions": 27
          },
          {
            "hash": "54ea14aba286b2190be14dad09cb2bb4af13b8ab",
            "messageTitle": "remove hardcoded login details",
            "messageBody": "",
            "insertions": 2,
            "deletions": 2
          }
        ]
      },
      {
        "insertions": 44,
        "deletions": 14,
        "date": "2019-05-17",
        "commitResults": [
          {
            "hash": "b1a15f0768335573c3346b3dfb1a295a3975e206",
            "messageTitle": "Add org/repo string to Window title",
            "messageBody": "",
            "insertions": 20,
            "deletions": 2
          },
          {
            "hash": "4ff410069fa3f0e24786ab488d313a967ca8eb6d",
            "messageTitle": "Change button position when editing issue",
            "messageBody": "",
            "insertions": 4,
            "deletions": 6
          },
          {
            "hash": "e5580cc6de5beadc9879d48a4d807c37b5723b75",
            "messageTitle": "change btn position for edit comment",
            "messageBody": "",
            "insertions": 4,
            "deletions": 6
          },
          {
            "hash": "146b86b369b238827880d8c60b24fc9a7d96edde",
            "messageTitle": "Add github api to get labels",
            "messageBody": "",
            "insertions": 16,
            "deletions": 0
          }
        ]
      },
      {
        "insertions": 98,
        "deletions": 15,
        "date": "2019-05-21",
        "commitResults": [
          {
            "hash": "5716e9a7118499d83804f502309f7ef947a2febe",
            "messageTitle": "add strokes to label text",
            "messageBody": "",
            "insertions": 6,
            "deletions": 0
          },
          {
            "hash": "d2805f8b194ab168eb0676e442acb6ff5cd171ed",
            "messageTitle": "add label color to dropdown in phase 1 edit issue",
            "messageBody": "",
            "insertions": 16,
            "deletions": 15
          },
          {
            "hash": "a9a8ce292b6e1d489c8b89cd378fa26305f96031",
            "messageTitle": "add label model and service",
            "messageBody": "",
            "insertions": 76,
            "deletions": 0
          }
        ]
      },
      {
        "insertions": 185,
        "deletions": 88,
        "date": "2019-05-22",
        "commitResults": [
          {
            "hash": "f57312090bdb6d3f5a7d94914d084628949ebbce",
            "messageTitle": "add comments and make label service more readable",
            "messageBody": "",
            "insertions": 23,
            "deletions": 13
          },
          {
            "hash": "9e9b3f7e8a699fec8bfbcde8778f488d1df3bd5e",
            "messageTitle": "add label color for phase 2 and 3",
            "messageBody": "",
            "insertions": 149,
            "deletions": 68
          },
          {
            "hash": "7e0ef1f7a2dbb1c2bdd548ee433ad14427868d1f",
            "messageTitle": "add sorting for severity label in drop down",
            "messageBody": "",
            "insertions": 11,
            "deletions": 4
          },
          {
            "hash": "c2af2c390db8c1ee201aa0d4e4d6702bf34cfaac",
            "messageTitle": "remove hardcoded login credentials",
            "messageBody": "",
            "insertions": 2,
            "deletions": 2
          },
          {
            "hash": "2f7eafa36e93437b1842fae83638e5205cc024cf",
            "messageTitle": "remove code for testing",
            "messageBody": "",
            "insertions": 0,
            "deletions": 1
          }
        ]
      },
      {
        "insertions": 144,
        "deletions": 20,
        "date": "2019-05-23",
        "commitResults": [
          {
            "hash": "8fe3247a71ca9d7c13704d8362b50d54791ecef3",
            "messageTitle": "add sync button and sync for phase 1",
            "messageBody": "",
            "insertions": 54,
            "deletions": 11
          },
          {
            "hash": "27878315d4f9f2b2fbbedbb5ace580299e7e23bc",
            "messageTitle": "add tooltip for button",
            "messageBody": "",
            "insertions": 4,
            "deletions": 2
          },
          {
            "hash": "a1f825414d0464dd4872f56159db009e1a63e136",
            "messageTitle": "add sync button for phase 2",
            "messageBody": "",
            "insertions": 86,
            "deletions": 7
          }
        ]
      },
      {
        "insertions": 142,
        "deletions": 18,
        "date": "2019-05-24",
        "commitResults": [
          {
            "hash": "2fe82a2cf8dfbe54ff86dd26641e4d5a55672b9f",
            "messageTitle": "add sync button for phase 3",
            "messageBody": "",
            "insertions": 28,
            "deletions": 2
          },
          {
            "hash": "206ba37f47e0ff6f9eff8440aed2b97160417499",
            "messageTitle": "add sync button to edit issues/comment in all phases",
            "messageBody": "",
            "insertions": 86,
            "deletions": 12
          },
          {
            "hash": "65c8b181a129a4e658bfa93fb14f003390f4fc85",
            "messageTitle": "change sync button style",
            "messageBody": "",
            "insertions": 3,
            "deletions": 3
          },
          {
            "hash": "e5ef4f808e23a4cf81c824985736b43ec66d0991",
            "messageTitle": "add documentation for label service",
            "messageBody": "",
            "insertions": 25,
            "deletions": 1
          }
        ]
      },
      {
        "insertions": 101,
        "deletions": 107,
        "date": "2019-05-27",
        "commitResults": [
          {
            "hash": "7d75333e0e16bdcd066b8ab4dfe6ca37e81a9121",
            "messageTitle": "add try/catch to setLabelStyle, and make the code more readable",
            "messageBody": "",
            "insertions": 18,
            "deletions": 10
          },
          {
            "hash": "af892966554d21281dcfef4c14e02a9ea06a421c",
            "messageTitle": "remove LabelService in provider since it is already specified in the service",
            "messageBody": "",
            "insertions": 1,
            "deletions": 1
          },
          {
            "hash": "2478b2570030374416f166d5306f5b3b9119afbe",
            "messageTitle": "declare implementing OnDestroy",
            "messageBody": "",
            "insertions": 16,
            "deletions": 16
          },
          {
            "hash": "15eede2792e7d953efaa18c2cb306204aad4b8a5",
            "messageTitle": "removed the nested if condition",
            "messageBody": "",
            "insertions": 8,
            "deletions": 24
          },
          {
            "hash": "e4ac13820cbab69c72bda9c274b1e4672fd06656",
            "messageTitle": "move the getAllLabels method to be in loadIssue",
            "messageBody": "",
            "insertions": 16,
            "deletions": 20
          },
          {
            "hash": "c61d8d77299fcf540853eae0132448014ac53187",
            "messageTitle": "fix bug where there are duplicate labels",
            "messageBody": "",
            "insertions": 20,
            "deletions": 25
          },
          {
            "hash": "38bb8074bb07c5c39ac44dc8c011b030cd7a164a",
            "messageTitle": "remove error code",
            "messageBody": "",
            "insertions": 1,
            "deletions": 3
          },
          {
            "hash": "7960f2909a27df1407dcd8c4bf64b20889c636de",
            "messageTitle": "add error handling for label service",
            "messageBody": "",
            "insertions": 11,
            "deletions": 6
          },
          {
            "hash": "ab54b99e4ac0282987138b4c552da6d42564a8d3",
            "messageTitle": "add github api to get events for repository",
            "messageBody": "",
            "insertions": 10,
            "deletions": 2
          }
        ]
      },
      {
        "insertions": 115,
        "deletions": 39,
        "date": "2019-05-28",
        "commitResults": [
          {
            "hash": "a3ae4f4212b04597114e6716ec1c6855e99fa48c",
            "messageTitle": "move the label service to auth service instead of data table",
            "messageBody": "",
            "insertions": 17,
            "deletions": 19
          },
          {
            "hash": "49b194d3773bd7a9cfafdef75e3d2d5a48c03c16",
            "messageTitle": "change the setLabelStyle to use string literals",
            "messageBody": "",
            "insertions": 1,
            "deletions": 3
          },
          {
            "hash": "7d8abbb80f4b7aea465078dded2631b44d5018aa",
            "messageTitle": "move try/catch to label service subscription",
            "messageBody": "",
            "insertions": 6,
            "deletions": 5
          },
          {
            "hash": "6ccb128b4e4c5a2abf69cb145918e236a9a2babf",
            "messageTitle": "add githubevent service",
            "messageBody": "",
            "insertions": 2,
            "deletions": 2
          },
          {
            "hash": "b365ab275c2e3724b353c49a739e403f9ad7ca8b",
            "messageTitle": "add check for last modified before reload",
            "messageBody": "",
            "insertions": 84,
            "deletions": 3
          },
          {
            "hash": "b1617a6fa1c39b6a1624cd6affa23968e4b7e27b",
            "messageTitle": "change the error handling for subscription",
            "messageBody": "",
            "insertions": 5,
            "deletions": 7
          }
        ]
      },
      {
        "insertions": 38,
        "deletions": 37,
        "date": "2019-05-29",
        "commitResults": [
          {
            "hash": "4e7e9267d06acbe4b8b3f0790551312e5a7c1dbe",
            "messageTitle": "move getAllLabels into the startAuthentication pipe",
            "messageBody": "",
            "insertions": 8,
            "deletions": 10
          },
          {
            "hash": "d660f1454d80269b7cb80febe89f0a5d90b75c14",
            "messageTitle": "move githubevent service to startAuthentication pipe",
            "messageBody": "",
            "insertions": 30,
            "deletions": 26
          },
          {
            "hash": "001abd23bce7049f69295bcf115914ed8ff8897e",
            "messageTitle": "remove unnecessary code",
            "messageBody": "",
            "insertions": 0,
            "deletions": 1
          }
        ]
      },
      {
        "insertions": 155,
        "deletions": 152,
        "date": "2019-05-30",
        "commitResults": [
          {
            "hash": "1bd11ce6b84b08ad0c830bed64c845e31f424e38",
            "messageTitle": "made changes to label service",
            "messageBody": "",
            "insertions": 40,
            "deletions": 31
          },
          {
            "hash": "25af5c61bf533a2287ea7d03384d9759ad62b004",
            "messageTitle": "abstract the method for getting selected label\u0027s color",
            "messageBody": "",
            "insertions": 19,
            "deletions": 26
          },
          {
            "hash": "6b4d21accdb8bdd257ab7343161358c34a2f9f87",
            "messageTitle": "add comment for new method",
            "messageBody": "",
            "insertions": 6,
            "deletions": 0
          },
          {
            "hash": "b5fb7dd069956f3c9dbe2e7ef0683d30e60e0dba",
            "messageTitle": "renaming to naming convention",
            "messageBody": "",
            "insertions": 14,
            "deletions": 14
          },
          {
            "hash": "7382af6edc0e0cfc2ef173a7c12706901310dccd",
            "messageTitle": "removed testing code",
            "messageBody": "",
            "insertions": 4,
            "deletions": 9
          },
          {
            "hash": "3d7cae019cebb7f455606a6f378c5e0d5e0aba95",
            "messageTitle": "change get color method to use mapping",
            "messageBody": "",
            "insertions": 33,
            "deletions": 21
          },
          {
            "hash": "b5bccedcea4b81ea47b03f77f8c4d2b652edfc0c",
            "messageTitle": "remove 3 attribute in issue and change to use getColorOfLabel method instead",
            "messageBody": "",
            "insertions": 32,
            "deletions": 44
          },
          {
            "hash": "b201eace36ae1fe144dfcd7b7f522c541e4118db",
            "messageTitle": "made some changes to documentation and imports",
            "messageBody": "",
            "insertions": 7,
            "deletions": 7
          }
        ]
      },
      {
        "insertions": 210,
        "deletions": 385,
        "date": "2019-05-31",
        "commitResults": [
          {
            "hash": "ca24239e38afaf35abfcff5ea56508b8c40e204d",
            "messageTitle": "fix import spacing",
            "messageBody": "",
            "insertions": 91,
            "deletions": 100
          },
          {
            "hash": "0d0f712c0f0f0257f777f2c30f7f47ada86c06d5",
            "messageTitle": "edit comment for setLabelStyle",
            "messageBody": "",
            "insertions": 4,
            "deletions": 3
          },
          {
            "hash": "b0a8367a5ae00f6ef027fc077f5222e994fe38a8",
            "messageTitle": "rename variable",
            "messageBody": "",
            "insertions": 8,
            "deletions": 7
          },
          {
            "hash": "c9fd205c080f818cb3efeb7b3dc6bd80b1c64e69",
            "messageTitle": "fix import spacing",
            "messageBody": "",
            "insertions": 27,
            "deletions": 27
          },
          {
            "hash": "f77c0d823d0fcd84498ae369cb47a4e382597b27",
            "messageTitle": "removed unused import",
            "messageBody": "",
            "insertions": 8,
            "deletions": 9
          },
          {
            "hash": "800705d2819a53b427b6f47c2690df8802898121",
            "messageTitle": "add comment to githubevent service",
            "messageBody": "",
            "insertions": 9,
            "deletions": 0
          },
          {
            "hash": "f2e2f02cd25ac6615d4fbbfd841029a52865a865",
            "messageTitle": "remove the code for reloading page",
            "messageBody": "",
            "insertions": 33,
            "deletions": 150
          },
          {
            "hash": "fdb5dbbd205a219fc8a84db9656b3fa0b774604b",
            "messageTitle": "remove changes to code",
            "messageBody": "",
            "insertions": 30,
            "deletions": 89
          }
        ]
      },
      {
        "insertions": 70,
        "deletions": 37,
        "date": "2019-06-03",
        "commitResults": [
          {
            "hash": "3b84212131e4399912ea72068fa2ca997e12eb86",
            "messageTitle": "change issues object to BehaviorSubject",
            "messageBody": "",
            "insertions": 28,
            "deletions": 25
          },
          {
            "hash": "4ad49f3b2946e24cba942a451b8c8f3331f70028",
            "messageTitle": "add onDestroy to unsubscribe getIssues",
            "messageBody": "",
            "insertions": 36,
            "deletions": 12
          },
          {
            "hash": "22ba39aad4de97b2aba473c2f18256850d995880",
            "messageTitle": "fix isIssueLoading",
            "messageBody": "",
            "insertions": 6,
            "deletions": 0
          }
        ]
      },
      {
        "insertions": 32,
        "deletions": 34,
        "date": "2019-06-04",
        "commitResults": [
          {
            "hash": "c6bcb2d3f35a0675a7ac9f0019a96e6648b508ca",
            "messageTitle": "fix bug where color does not change when label is changed in github",
            "messageBody": "",
            "insertions": 7,
            "deletions": 2
          },
          {
            "hash": "575df883427ecb227925cba3043d36ec5cc83ded",
            "messageTitle": "clean up code",
            "messageBody": "",
            "insertions": 12,
            "deletions": 9
          },
          {
            "hash": "f11df76d857507bb37d91ab978d0e632a5f6e197",
            "messageTitle": "change the variable name to reload",
            "messageBody": "",
            "insertions": 7,
            "deletions": 6
          },
          {
            "hash": "0af0624529667d03ef2fb0d2def4586ed04b6ef7",
            "messageTitle": "remove unused code",
            "messageBody": "",
            "insertions": 0,
            "deletions": 8
          },
          {
            "hash": "e60d1e2a323d95fb100de308f34663279be6cae5",
            "messageTitle": "update githubevent service comment",
            "messageBody": "",
            "insertions": 4,
            "deletions": 6
          },
          {
            "hash": "3449b8e4963d873aa207034cf4751c3bc9bc2e93",
            "messageTitle": "make header button style consistent",
            "messageBody": "",
            "insertions": 2,
            "deletions": 3
          }
        ]
      },
      {
        "insertions": 68,
        "deletions": 56,
        "date": "2019-06-06",
        "commitResults": [
          {
            "hash": "68fa7dd2d966c4555c576c5335b0f1bdedafaeb6",
            "messageTitle": "change this.issues in issue service",
            "messageBody": "",
            "insertions": 9,
            "deletions": 5
          },
          {
            "hash": "8833512fbc1bc06a0f05757149758c9103e0e404",
            "messageTitle": "revert changes to this.issues and let issue component use this.issues$",
            "messageBody": "",
            "insertions": 21,
            "deletions": 32
          },
          {
            "hash": "1b4cf57ff526f5297c4adca7dbdb7d4338611b79",
            "messageTitle": "remove unnecessary code",
            "messageBody": "",
            "insertions": 2,
            "deletions": 2
          },
          {
            "hash": "9f271e727bd817ed9bd2d4160d444a564537df77",
            "messageTitle": "remove unwanted changes",
            "messageBody": "",
            "insertions": 1,
            "deletions": 1
          },
          {
            "hash": "0758250f30d3dde37f217d185551754689318517",
            "messageTitle": "fix import spacing",
            "messageBody": "",
            "insertions": 15,
            "deletions": 15
          },
          {
            "hash": "982c8c34e28856702d393223fd6a531074c28db1",
            "messageTitle": "add button to open url in browser",
            "messageBody": "",
            "insertions": 20,
            "deletions": 1
          }
        ]
      },
      {
        "insertions": 48,
        "deletions": 28,
        "date": "2019-06-07",
        "commitResults": [
          {
            "hash": "a7e41ec89bdb1150c8f8c63808f33cc373e557ba",
            "messageTitle": "move the subscribe to the header component",
            "messageBody": "",
            "insertions": 5,
            "deletions": 5
          },
          {
            "hash": "0e6ab97f822e58e2b3abb91a743f5e41a44eedf9",
            "messageTitle": "add filter value to url",
            "messageBody": "",
            "insertions": 24,
            "deletions": 4
          },
          {
            "hash": "7a757316563c54a359a77e3a81b3955e226bd04e",
            "messageTitle": "change reload method to use flatMap and pipe",
            "messageBody": "",
            "insertions": 19,
            "deletions": 19
          }
        ]
      },
      {
        "insertions": 60,
        "deletions": 20,
        "date": "2019-06-10",
        "commitResults": [
          {
            "hash": "84f490b486813062e40bc54a342d9a5b8d1452ff",
            "messageTitle": "change the return for reloadPage",
            "messageBody": "",
            "insertions": 2,
            "deletions": 2
          },
          {
            "hash": "0a8480ebb54022d65d7225c4a9b82a090c5e792f",
            "messageTitle": "add team filter for browser url",
            "messageBody": "",
            "insertions": 47,
            "deletions": 4
          },
          {
            "hash": "c5a2945d7f538952e7ec308478f56204b7493c05",
            "messageTitle": "clean up code",
            "messageBody": "",
            "insertions": 11,
            "deletions": 14
          }
        ]
      },
      {
        "insertions": 46,
        "deletions": 29,
        "date": "2019-06-11",
        "commitResults": [
          {
            "hash": "4a5ca043d6acad0e2390d852205af5f2b5f1f3f7",
            "messageTitle": "change labelService from private to public",
            "messageBody": "",
            "insertions": 3,
            "deletions": 3
          },
          {
            "hash": "03dbaa0a9bba01e75347bc576debe7087dcee28e",
            "messageTitle": "Use phase enum instead of string",
            "messageBody": "",
            "insertions": 3,
            "deletions": 3
          },
          {
            "hash": "9fadbfcebc8ad20f369eeaa90370e5267e53e337",
            "messageTitle": "change filterValue check",
            "messageBody": "",
            "insertions": 6,
            "deletions": 6
          },
          {
            "hash": "4c4a660429dce9c98e48d48dd6d432e8f8b57535",
            "messageTitle": "change the method for getTeamFilterString",
            "messageBody": "",
            "insertions": 34,
            "deletions": 17
          }
        ]
      },
      {
        "insertions": 30,
        "deletions": 34,
        "date": "2019-06-12",
        "commitResults": [
          {
            "hash": "d002117b8be1f010d884f2de145deb7ba6632a2f",
            "messageTitle": "remove unused code",
            "messageBody": "",
            "insertions": 2,
            "deletions": 2
          },
          {
            "hash": "2e425feb8fd2255d6718cd384efa6e1fd7f1860a",
            "messageTitle": "clean up code for header component",
            "messageBody": "",
            "insertions": 9,
            "deletions": 13
          },
          {
            "hash": "6e45787b3bbfdfc8cd14c935764f8127730fdeab",
            "messageTitle": "hide View in Browser button when showing All Teams",
            "messageBody": "",
            "insertions": 8,
            "deletions": 1
          },
          {
            "hash": "9751ceb3fa85a1f1fe4b994891d23f68762c2388",
            "messageTitle": "clean up code",
            "messageBody": "",
            "insertions": 5,
            "deletions": 11
          },
          {
            "hash": "eb7e4660f03d2a6fbc6c0ce607e29b61f71a7cc8",
            "messageTitle": "clean up code and add comments",
            "messageBody": "",
            "insertions": 6,
            "deletions": 7
          }
        ]
      },
      {
        "insertions": 16,
        "deletions": 37,
        "date": "2019-06-13",
        "commitResults": [
          {
            "hash": "4508bb2438b644f92611e1fa4bdc1d280bcf1b8a",
            "messageTitle": "change the authentication to allow tester\u0027s own repo (#79)",
            "messageBody": "",
            "insertions": 14,
            "deletions": 13
          },
          {
            "hash": "e90dbfc87c6199dbdc8f5ffd02ba97ac21e3bb7b",
            "messageTitle": "remove search filter",
            "messageBody": "",
            "insertions": 1,
            "deletions": 23
          },
          {
            "hash": "efe123af3bca62dba3585c9dcd41e122c7c9379f",
            "messageTitle": "remove team filter attribute when logout",
            "messageBody": "",
            "insertions": 1,
            "deletions": 1
          }
        ]
      },
      {
        "insertions": 107,
        "deletions": 60,
        "date": "2019-06-18",
        "commitResults": [
          {
            "hash": "d533bc88ec7bffa193d465417e7c02fe66c90813",
            "messageTitle": "fix bug for view in browser button",
            "messageBody": "",
            "insertions": 7,
            "deletions": 3
          },
          {
            "hash": "b6a439163ed86b0e661a1fdf66bc164705c71bc5",
            "messageTitle": "Add a \"View in Browser\" button to the table (#86)",
            "messageBody": "* add view in browser button to issues table\r\n\r\n* fix the width of table column\r\n\r\n* change icon for view in browser\r\n\r\n* fix phase1 table width\r\n\r\n* add error message if id is null/undefined\r\n",
            "insertions": 77,
            "deletions": 32
          },
          {
            "hash": "abb2dcae12afe01f5408054b08f9eb94680a4f0f",
            "messageTitle": "Make the label text color dynamic",
            "messageBody": "",
            "insertions": 23,
            "deletions": 25
          }
        ]
      },
      {
        "insertions": 50,
        "deletions": 39,
        "date": "2019-06-19",
        "commitResults": [
          {
            "hash": "c21d64ab6816c39f2e7b6f17eab8efb30ada6b37",
            "messageTitle": "make threshold a constant",
            "messageBody": "",
            "insertions": 11,
            "deletions": 8
          },
          {
            "hash": "0cbe9fa34920a1c2ceaa13ad6842959522b27699",
            "messageTitle": "update comment",
            "messageBody": "",
            "insertions": 2,
            "deletions": 1
          },
          {
            "hash": "f01f3915ea9aa4974a6110de8a97ca0388ffc812",
            "messageTitle": "extract out an utility function to determine if color is dark",
            "messageBody": "",
            "insertions": 19,
            "deletions": 12
          },
          {
            "hash": "67c1e185d34374c9f34674327b66467f3c96647c",
            "messageTitle": "update comment",
            "messageBody": "",
            "insertions": 8,
            "deletions": 13
          },
          {
            "hash": "ef8b1805aa3281498dd5eedc69537ab59200ea2c",
            "messageTitle": "change constant name",
            "messageBody": "",
            "insertions": 1,
            "deletions": 1
          },
          {
            "hash": "36601aec492be04ba869b5c95bf7285b4d1774d4",
            "messageTitle": "update comment for threshold",
            "messageBody": "",
            "insertions": 9,
            "deletions": 4
          }
        ]
      },
      {
        "insertions": 12,
        "deletions": 12,
        "date": "2019-06-20",
        "commitResults": [
          {
            "hash": "1f13c7b37c2fd492d41fbe9360720e14bfdac8b2",
            "messageTitle": "update constant name",
            "messageBody": "",
            "insertions": 12,
            "deletions": 12
          }
        ]
      },
      {
        "insertions": 2,
        "deletions": 2,
        "date": "2019-06-21",
        "commitResults": [
          {
            "hash": "256054c5f37eb20d81456e17c7248efa030e7155",
            "messageTitle": "remove unnecessary brackets",
            "messageBody": "",
            "insertions": 2,
            "deletions": 2
          }
        ]
      },
      {
        "insertions": 1,
        "deletions": 1,
        "date": "2019-06-26",
        "commitResults": [
          {
            "hash": "d5086e1c870a6ca0c3c6669a30eb65284f75f691",
            "messageTitle": "set assignee font size",
            "messageBody": "",
            "insertions": 1,
            "deletions": 1
          }
        ]
      },
      {
        "insertions": 2,
        "deletions": 2,
        "date": "2019-06-27",
        "commitResults": [
          {
            "hash": "2328258d3d456b3b443c5462ec7508be210742ea",
            "messageTitle": "change icon for mark for pending and responded (#114)",
            "messageBody": "",
            "insertions": 2,
            "deletions": 2
          }
        ]
      },
      {
        "insertions": 29,
        "deletions": 10,
        "date": "2019-07-01",
        "commitResults": [
          {
            "hash": "59d44f4c9bfd9c9ed0652d0c0f92c59b8bed65e3",
            "messageTitle": "set min width for column",
            "messageBody": "",
            "insertions": 4,
            "deletions": 4
          },
          {
            "hash": "f7d4a2619a297ae0abe09d630e3bde1652e8b7fb",
            "messageTitle": "change the title for label",
            "messageBody": "",
            "insertions": 20,
            "deletions": 1
          },
          {
            "hash": "43bc8481ef309d83499be929a085d45d72498af1",
            "messageTitle": "add mat icon for menu item",
            "messageBody": "",
            "insertions": 3,
            "deletions": 3
          },
          {
            "hash": "76394d523aeddf499cd8eb21e19f5992534dc0e3",
            "messageTitle": "add min width to phase 1 issue",
            "messageBody": "",
            "insertions": 2,
            "deletions": 2
          }
        ]
      },
      {
        "insertions": 12,
        "deletions": 12,
        "date": "2019-07-02",
        "commitResults": [
          {
            "hash": "1ac45b2f6a54f9f94e2c8f52c1aff6c4a752853e",
            "messageTitle": "move style to global css",
            "messageBody": "",
            "insertions": 12,
            "deletions": 12
          }
        ]
      },
      {
        "insertions": 4,
        "deletions": 4,
        "date": "2019-07-04",
        "commitResults": [
          {
            "hash": "c65ea77ad30073c04b301558b644c9cacea8afb2",
            "messageTitle": "change bold-name to strong tag (#120)",
            "messageBody": "",
            "insertions": 4,
            "deletions": 4
          }
        ]
      },
      {
        "insertions": 174,
        "deletions": 10,
        "date": "2019-07-05",
        "commitResults": [
          {
            "hash": "f9b0557e5b8f3a6244683cc9ce7f34568a1d0271",
            "messageTitle": "Animate sync button while syncing (#119)",
            "messageBody": "* add spinner to sync button\r\n\r\n* hide the spinner when user can not see the sync button\r\n\r\n* change variable name\r\n\r\n* change name of boolean function\r\n",
            "insertions": 15,
            "deletions": 10
          },
          {
            "hash": "c82251c2ece45bb6bc776672b45f1a259957c760",
            "messageTitle": "Setup Jasmine unit test (#99)",
            "messageBody": "* setup jasmine unit test\r\n\r\n* make the test description clearer\r\n\r\n* update test\r\n\r\n* add test for getColorOfLabel\r\n\r\n* extract out the constants\r\n\r\n* add test for parsing of label array\r\n\r\n* add newline to constants\r\n\r\n* edit test for getLabelColor\r\n\r\n* edit the test description\r\n",
            "insertions": 159,
            "deletions": 0
          }
        ]
      },
      {
        "insertions": 24,
        "deletions": 10,
        "date": "2019-07-08",
        "commitResults": [
          {
            "hash": "f1c98b90a7f8018f4d6c3fb101483b0927a81b58",
            "messageTitle": "fix the label dropdown for New Issue",
            "messageBody": "",
            "insertions": 22,
            "deletions": 8
          },
          {
            "hash": "86490ddc2f2c691122ebde5475c963d4832d8032",
            "messageTitle": "edit the style for span text in mat-option",
            "messageBody": "",
            "insertions": 2,
            "deletions": 2
          }
        ]
      },
      {
        "insertions": 417,
        "deletions": 406,
        "date": "2019-07-10",
        "commitResults": [
          {
            "hash": "51a8df9f515437758d27a748da8210f8dc223071",
            "messageTitle": "extract out the label dropdown component",
            "messageBody": "",
            "insertions": 74,
            "deletions": 39
          },
          {
            "hash": "d3325ff9f5aa345297b4d29602a7cc2a2b383662",
            "messageTitle": "fix code spacing",
            "messageBody": "",
            "insertions": 0,
            "deletions": 1
          },
          {
            "hash": "df053019802ca488d3a25049a28fd454a39df8a8",
            "messageTitle": "fix html code spacing",
            "messageBody": "",
            "insertions": 15,
            "deletions": 16
          },
          {
            "hash": "6ffabc91c4e247fe15af233d86eaa7f8d451a500",
            "messageTitle": "allows initial value for dropdown",
            "messageBody": "",
            "insertions": 7,
            "deletions": 6
          },
          {
            "hash": "4784877c8e849646ec0d1382d1519b73d80b6854",
            "messageTitle": "use ng deep as /deep/ is depreceated",
            "messageBody": "",
            "insertions": 1,
            "deletions": 1
          },
          {
            "hash": "1f03a4c5ccbb04de0b9ac5cfd5d9b05dd8f57868",
            "messageTitle": "remove unused code",
            "messageBody": "",
            "insertions": 0,
            "deletions": 17
          },
          {
            "hash": "7a874ab70522588abaa77b4dda4379b304e3cee9",
            "messageTitle": "remove unused style",
            "messageBody": "",
            "insertions": 3,
            "deletions": 3
          },
          {
            "hash": "2fb8b1880fb2b7103eac5072758bfc62411ce16e",
            "messageTitle": "Extract \"View Issue\" from phase folder (#121)",
            "messageBody": "* abstracted out the view issue\r\n\r\n* move components to shared folder\r\n\r\n* extracted view issue for phase 2\r\n\r\n* extract view issue from phase 3\r\n\r\n* fix the canDeactivate guard for view issue\r\n\r\n* remove divider for labels\r\n\r\n* remove old code\r\n\r\n* remove component in module\r\n\r\n* fix code spacing\r\n\r\n* fix component name\r\n\r\n* add loading check\r\n\r\n* format html code\r\n\r\n* fix import spacing\r\n\r\n* change variable name\r\n\r\n* change variable name for issue component\r\n\r\n* add return type to method\r\n\r\n* add divider to labels\r\n\r\n* spacing for html tag\r\n\r\n* remove double negative in ngIf\r\n",
            "insertions": 317,
            "deletions": 323
          }
        ]
      },
      {
        "insertions": 40,
        "deletions": 114,
        "date": "2019-07-11",
        "commitResults": [
          {
            "hash": "7efc5d2762d9c50ec17a522ae236b65b5740c6b5",
            "messageTitle": "fix new tutor and new team response",
            "messageBody": "",
            "insertions": 29,
            "deletions": 78
          },
          {
            "hash": "cdf6b99777dd329c0a8121a8ec9377112c641c52",
            "messageTitle": "remove unused code",
            "messageBody": "",
            "insertions": 0,
            "deletions": 26
          },
          {
            "hash": "d90706e705fcddc4864f3cea3c168a11cda721bc",
            "messageTitle": "remove input for dropdownControl",
            "messageBody": "",
            "insertions": 11,
            "deletions": 10
          }
        ]
      },
      {
        "insertions": 1,
        "deletions": 2,
        "date": "2019-07-12",
        "commitResults": [
          {
            "hash": "1f4050ced4eb4eb3e8838252d1d9fcdb33742721",
            "messageTitle": "add return type for method",
            "messageBody": "",
            "insertions": 1,
            "deletions": 2
          }
        ]
      },
      {
        "insertions": 28,
        "deletions": 28,
        "date": "2019-07-22",
        "commitResults": [
          {
            "hash": "616eb7d09e4a46bfe77b893673a2efc0e8bd2b21",
            "messageTitle": "add disabled property to cancel button",
            "messageBody": "",
            "insertions": 4,
            "deletions": 4
          },
          {
            "hash": "b91d0bf00a07d05e693c77e0268bdb81d7b3cc8b",
            "messageTitle": "Refactor shared component name tutor-response to new-tutor-response",
            "messageBody": "",
            "insertions": 24,
            "deletions": 24
          }
        ]
      },
      {
        "insertions": 117,
        "deletions": 117,
        "date": "2019-07-24",
        "commitResults": [
          {
            "hash": "2e2a57a530c01ad1b3dee748c37629f4dbea07d5",
            "messageTitle": "Refactor property name in permission service (#140)",
            "messageBody": "* refactor property name in permission service\r\n\r\n* change name for create issue\r\n",
            "insertions": 117,
            "deletions": 117
          }
        ]
      },
      {
        "insertions": 634,
        "deletions": 102,
        "date": "2019-08-02",
        "commitResults": [
          {
            "hash": "326111a2f560e0adcb48b389287445b6676a12d3",
            "messageTitle": "Tester Response and Moderation Phase changes (#151)",
            "messageBody": "* add issue comment to issue model\r\n\r\n* change testerresponse to read from comment\r\n\r\n* add guard condition\r\n\r\n* fix bug where team response is read again\r\n\r\n* submit testerresponse also updates issue comment\r\n\r\n* add spinner while comment is loading\r\n\r\n* filter to check for team response\r\n\r\n* flatMap for createIssueModel\r\n\r\n* revert changes to table filter\r\n\r\n* change item title to contain question mark\r\n\r\n* Asynchronous Comment Loading Established\r\n\r\n* Fix IssueComment Undefined Error\r\n\r\n* fix bug where comment is not loaded properly\r\n\r\n* add filter to table\r\n\r\n* Parsing Label Changes from Team Response\r\n\r\n* Label Parsing from Issue Comment\r\n\r\n* Fix parsing of tester response\r\n\r\nNew Regex correctly Parses tester responses\r\n\r\n* [WIP] Issue 144 Moderation phase (#5)\r\n\r\n* add dispute component to moderation phase\r\n\r\n* function to create new comment for tutor response\r\n\r\n* fix bug student settutorresponse\r\n\r\n* set pending for disputes\r\n\r\n* todolist for disputes\r\n\r\n* code cleaning\r\n\r\n* code cleaning\r\n\r\n* Further TesterResp Parsing Regex Fixes\r\n\r\n* LabelExtraction Regex Flexibility added\r\n\r\n* Further labelExtraction Constraints \u0026 Flexibility\r\n\r\n* parseTesterResp. regex flexibility added\r\n\r\n* Further Regex Flexibility Changes\r\n\r\nChanges done to parseTutorResponseInComment and parseIssueDisputes\r\n\r\n* code cleaning and comment\r\n\r\n* revert concat string\r\n\r\n* Case Insensitivity Added to Regex\r\n\r\n* Regex Pattern Spaces Set to Any Number\r\n\r\n* add unsure checkbox\r\n\r\n* fix bug where description format for bugreporting and testerresponse are different\r\n\r\n* update comment for model\r\n\r\n* clean up issue comment\r\n\r\n* revert previous commit\r\n\r\n* clean up issue comment code and add support for filtering multiple comment\r\n\r\n* documentation for issue comment\r\n\r\n* change version number in package.json\r\n",
            "insertions": 634,
            "deletions": 102
          }
        ]
      },
      {
        "insertions": 29,
        "deletions": 42,
        "date": "2019-08-12",
        "commitResults": [
          {
            "hash": "e9609fc9b8dc86b991d8fdb52747a34410f73168",
            "messageTitle": "Fix bug where issue comment is not updated properly (#160)",
            "messageBody": "* fix bug where issue comment is not updated\r\n\r\n* fix bug with sync\r\n\r\n* add local store support for issuecomment\r\n\r\n* ismodified check for issue comment\r\n\r\n* remove unused boolean\r\n\r\n* local store will store all comments of an issue\r\n\r\n* refactor isModified to isIssueReloaded\r\n",
            "insertions": 29,
            "deletions": 42
          }
        ]
      }
    ]
  },
  "authorFinalContributionMap": {
    "ptvrajsk": 3489,
    "KevinCJH": 1653
  },
  "authorFileTypeContributionMap": {
    "ptvrajsk": {
      "java": 0,
      "js": 0,
      "scss": 0,
      "md": 28,
      "py": 0,
      "tag": 0,
      "html": 379,
      "ts": 3082
    },
    "KevinCJH": {
      "java": 0,
      "js": 0,
      "scss": 0,
      "md": 0,
      "py": 0,
      "tag": 0,
      "html": 260,
      "ts": 1393
    }
  },
  "authorContributionVariance": {
    "ptvrajsk": 15958.997,
    "KevinCJH": 11372.659
  },
  "authorDisplayNameMap": {
    "ptvrajsk": "Prithiviraj",
    "KevinCJH": "Kevin"
  }
}
