{
  "authorDailyContributionsMap": {
    "ptvrajsk": [
      {
        "insertions": 72,
        "deletions": 23,
        "date": "2019-05-15",
        "commitResults": [
          {
            "hash": "391c416abad691067fbf05a87bcea5d0a123d3c6",
            "message": "Added Menu Bar \u0026 Shortcut functionalities.",
            "insertions": 65,
            "deletions": 3
          },
          {
            "hash": "d08b1d80c70fd862f45e09199136048034ef12a5",
            "message": "Fixed Build Bug",
            "insertions": 7,
            "deletions": 13
          },
          {
            "hash": "8107c3dc3b949a96584062c7ce6c62ff61e76279",
            "message": "Text-To-Speech Menu Removal",
            "insertions": 0,
            "deletions": 7
          }
        ]
      },
      {
        "insertions": 12,
        "deletions": 11,
        "date": "2019-05-16",
        "commitResults": [
          {
            "hash": "e1c6fd115a423bf12e571d21002a33f4db0ef626",
            "message": "Base href Comment",
            "insertions": 2,
            "deletions": 1
          },
          {
            "hash": "df96c2bba290af895bbee4e41196a5afe52dfa6c",
            "message": "Squashed Bug in Row Click",
            "insertions": 9,
            "deletions": 9
          },
          {
            "hash": "9de5657856ec7b484122c6baf99a689ef3200568",
            "message": "Discard Unexpected Change in File",
            "insertions": 1,
            "deletions": 1
          }
        ]
      },
      {
        "insertions": 5,
        "deletions": 5,
        "date": "2019-05-17",
        "commitResults": [
          {
            "hash": "d1427101417e115a3b5b49861c6374de4ce89f26",
            "message": "Search bar widths increased (#60)",
            "insertions": 5,
            "deletions": 5
          }
        ]
      },
      {
        "insertions": 78,
        "deletions": 6,
        "date": "2019-05-20",
        "commitResults": [
          {
            "hash": "bea3f019153d02e71b890dab19477205807e79f4",
            "message": "Replaced Pop-up dialog with Material Dialog.",
            "insertions": 78,
            "deletions": 6
          }
        ]
      },
      {
        "insertions": 4,
        "deletions": 4,
        "date": "2019-05-21",
        "commitResults": [
          {
            "hash": "507096abb7848083f3a1a578a89dcbc2f5386df1",
            "message": "Added Propoagtion stop for Delete Button Phase 1",
            "insertions": 1,
            "deletions": 1
          },
          {
            "hash": "9f2fbcc339e8f8ea0f8a3f9be6985788dfc66b11",
            "message": "Minor UI Tweak Duplicated Issues -\u003e Duplicates",
            "insertions": 3,
            "deletions": 3
          }
        ]
      },
      {
        "insertions": 24,
        "deletions": 13,
        "date": "2019-05-22",
        "commitResults": [
          {
            "hash": "2bbc31137edf632db085191e384dfb6bf4c80c5d",
            "message": "Style Fixes",
            "insertions": 24,
            "deletions": 13
          }
        ]
      },
      {
        "insertions": 18,
        "deletions": 1,
        "date": "2019-05-24",
        "commitResults": [
          {
            "hash": "eafbe056a14cacb4f624f7c1fe293d2040bb1829",
            "message": "Codestyle Fixes",
            "insertions": 3,
            "deletions": 0
          },
          {
            "hash": "5c8d5c09cb531c67ad6aa957c65180dcd9d8bc57",
            "message": "Commented Out Auto-Dev tool Open Line",
            "insertions": 1,
            "deletions": 1
          },
          {
            "hash": "b9786bfa3150b80fe0201e1035de4d682fa7648f",
            "message": "DevTools enabled in DevMode",
            "insertions": 14,
            "deletions": 0
          }
        ]
      },
      {
        "insertions": 134,
        "deletions": 24,
        "date": "2019-05-28",
        "commitResults": [
          {
            "hash": "7ac8d8470603ca88d5081eebab69c4699e9edb29",
            "message": "State Save",
            "insertions": 4,
            "deletions": 1
          },
          {
            "hash": "d7ba1d404435012cc2ac52367a3a8f41d8a0f978",
            "message": "Duplicate Issue Dropdown Text Fix (#65)",
            "insertions": 57,
            "deletions": 14
          },
          {
            "hash": "e763dc2a73347cd2837c612432fdca0d57da378e",
            "message": "Manual Parsing Working",
            "insertions": 73,
            "deletions": 9
          }
        ]
      },
      {
        "insertions": 299,
        "deletions": 147,
        "date": "2019-05-30",
        "commitResults": [
          {
            "hash": "0cbfd1a8ce5535ae8ae4f8caf8c1c7eaa5a42623",
            "message": "Working CSVImport and Parser",
            "insertions": 225,
            "deletions": 74
          },
          {
            "hash": "95711b69cb615c36e295e2f6fcfe719a31cfd50c",
            "message": "Code cleanup and Working CSV Import",
            "insertions": 62,
            "deletions": 61
          },
          {
            "hash": "d4a0bf6c11b47c34e5486ed3d3088d963276a7ed",
            "message": "Remove Unused Imports",
            "insertions": 11,
            "deletions": 11
          },
          {
            "hash": "392a26545e3fad95c6dd5c1ea103600fdc237ef8",
            "message": "Naming Convention Change",
            "insertions": 1,
            "deletions": 1
          }
        ]
      },
      {
        "insertions": 48,
        "deletions": 65,
        "date": "2019-05-31",
        "commitResults": [
          {
            "hash": "6b1077fded95815afb2734bfe5c6c90f56df7c63",
            "message": "Restructure CSV Data",
            "insertions": 13,
            "deletions": 31
          },
          {
            "hash": "0d8b00cdd2d83119f73e11b0cdd7b1499d470c87",
            "message": "Admin No Longer Requires a Team",
            "insertions": 31,
            "deletions": 28
          },
          {
            "hash": "def19cdf0d31a7c084e92344bc45ee44a31de906",
            "message": "README.md Updated to Reflect use of data.csv",
            "insertions": 4,
            "deletions": 6
          }
        ]
      },
      {
        "insertions": 6,
        "deletions": 18,
        "date": "2019-06-04",
        "commitResults": [
          {
            "hash": "f8d88f8c4ffa885f874e59ab0de232fb01e1d6fa",
            "message": "Codestyle Fixes",
            "insertions": 6,
            "deletions": 18
          }
        ]
      },
      {
        "insertions": 15,
        "deletions": 12,
        "date": "2019-06-07",
        "commitResults": [
          {
            "hash": "0dc13f4c34a13ce3ba87e13e9a66c216a703f483",
            "message": "Style Fix",
            "insertions": 15,
            "deletions": 12
          }
        ]
      }
    ],
    "KevinCJH": [
      {
        "insertions": 14,
        "deletions": 13,
        "date": "2019-06-13",
        "commitResults": [
          {
            "hash": "4508bb2438b644f92611e1fa4bdc1d280bcf1b8a",
            "message": "change the authentication to allow tester\u0027s own repo (#79)",
            "insertions": 14,
            "deletions": 13
          }
        ]
      }
    ]
  },
  "authorFinalContributionMap": {
    "ptvrajsk": 432,
    "KevinCJH": 14
  },
  "authorFileFormatContributionMap": {
    "ptvrajsk": {
      "java": 0,
      "js": 0,
      "scss": 0,
      "md": 4,
      "py": 0,
      "tag": 0,
      "html": 34,
      "ts": 394
    },
    "KevinCJH": {
      "java": 0,
      "js": 0,
      "scss": 0,
      "md": 0,
      "py": 0,
      "tag": 0,
      "html": 0,
      "ts": 14
    }
  },
  "authorContributionVariance": {
    "ptvrajsk": 6949.922,
    "KevinCJH": 22.069336
  },
  "authorDisplayNameMap": {
    "ptvrajsk": "Prithiviraj",
    "KevinCJH": "Kevin"
  }
}
