{
  "authorDailyContributionsMap": {
    "ongspxm": [
      {
        "insertions": 284,
        "deletions": 360,
        "date": "2019-05-30",
        "commitResults": [
          {
            "hash": "a6b3cac11da8860c30eacafef8f3a488e9fc31f7",
            "message": "Report: Add zoom in feature for ramp charts (#573)",
            "insertions": 284,
            "deletions": 360
          }
        ]
      }
    ],
    "AdityaA1998": [],
    "yamidark": [],
    "yong24s": [
      {
        "insertions": 18,
        "deletions": 3,
        "date": "2019-06-10",
        "commitResults": [
          {
            "hash": "3c6a148c07376ce2d2dc2a72b07588213cd574c2",
            "message": "[#606] Enable use of deploy key for publishing (#732)",
            "insertions": 18,
            "deletions": 3
          }
        ]
      }
    ],
    "eugenepeh": []
  },
  "authorFinalContributionMap": {
    "ongspxm": 276,
    "AdityaA1998": 0,
    "yamidark": 0,
    "yong24s": 18,
    "eugenepeh": 6
  },
  "authorFileFormatContributionMap": {
    "ongspxm": {
      "gradle": 0,
      "jade": 0,
      "java": 0,
      "js": 228,
      "md": 7,
      "scss": 41,
      "yml": 0
    },
    "AdityaA1998": {
      "gradle": 0,
      "jade": 0,
      "java": 0,
      "js": 0,
      "md": 0,
      "scss": 0,
      "yml": 0
    },
    "yamidark": {
      "gradle": 0,
      "jade": 0,
      "java": 0,
      "js": 0,
      "md": 0,
      "scss": 0,
      "yml": 0
    },
    "yong24s": {
      "gradle": 0,
      "jade": 0,
      "java": 0,
      "js": 0,
      "md": 18,
      "scss": 0,
      "yml": 0
    },
    "eugenepeh": {
      "gradle": 0,
      "jade": 0,
      "java": 1,
      "js": 3,
      "md": 0,
      "scss": 2,
      "yml": 0
    }
  },
  "authorContributionVariance": {
    "ongspxm": 13808.098,
    "AdityaA1998": 0.0,
    "yamidark": 0.0,
    "yong24s": 14.68252,
    "eugenepeh": 0.0
  },
  "authorDisplayNameMap": {
    "ongspxm": "Metta",
    "AdityaA1998": "Aditya",
    "yamidark": "Jun An",
    "yong24s": "Yong Hao",
    "eugenepeh": "Eugene"
  }
}
