{
  "authorDailyContributionsMap": {
    "jylee-git": [
      {
        "insertions": 1,
        "deletions": 1,
        "date": "2019-05-22",
        "commitResults": [
          {
            "hash": "27655c76427fd97a00b3ee2debcd348c8b94b047",
            "message": "[#667] Report: fix search bar not displaying value provided by url parameter (#676)",
            "insertions": 1,
            "deletions": 1
          }
        ]
      },
      {
        "insertions": 8,
        "deletions": 2,
        "date": "2019-06-03",
        "commitResults": [
          {
            "hash": "358440932d705337e318e89232a5da0d4d4f0775",
            "message": "[#695] Report: allow reset of date controls (#700)",
            "insertions": 8,
            "deletions": 2
          }
        ]
      },
      {
        "insertions": 5,
        "deletions": 2,
        "date": "2019-06-04",
        "commitResults": [
          {
            "hash": "d009bcbd8e0b7ccf4c82d340e5fea19fbe23d134",
            "message": "[#506] Report: add checks to ensure that .zip file is uploaded (#693)",
            "insertions": 5,
            "deletions": 2
          }
        ]
      }
    ],
    "jamessspanggg": [
      {
        "insertions": 2,
        "deletions": 2,
        "date": "2019-05-17",
        "commitResults": [
          {
            "hash": "adb48f4e903be700b33b953457ca5b69df4908e8",
            "message": "[#652] ChartView: fix url directing to wrong repository (#655)",
            "insertions": 2,
            "deletions": 2
          }
        ]
      },
      {
        "insertions": 2,
        "deletions": 2,
        "date": "2019-05-31",
        "commitResults": [
          {
            "hash": "3bbe5fccfc04aeb2742d814fef4fb8f534f3b55e",
            "message": "[#672] Toolbar: set \u0027commit\u0027 as default for granularity (#684)",
            "insertions": 1,
            "deletions": 1
          },
          {
            "hash": "3bf07fd69586874cf3238e9b28ea025b96f7ba97",
            "message": "[#699] Report: standardize the author\u0027s name display (#701)",
            "insertions": 1,
            "deletions": 1
          }
        ]
      },
      {
        "insertions": 32,
        "deletions": 2,
        "date": "2019-06-03",
        "commitResults": [
          {
            "hash": "7c0750c510003722f72ad363cb50ce759aa6735a",
            "message": "[#635] CodeView: add line number to code (#669)",
            "insertions": 32,
            "deletions": 2
          }
        ]
      },
      {
        "insertions": 38,
        "deletions": 17,
        "date": "2019-06-05",
        "commitResults": [
          {
            "hash": "ad1e0265a549888e25fc4b94759cca4bea575785",
            "message": "[#702] Fix url directing to the wrong branch (#704)",
            "insertions": 18,
            "deletions": 10
          },
          {
            "hash": "afa5be94ea35410ed126c2958024696a62d4fa2e",
            "message": "[#664] Toolbar: expand width for `breakdown by file format` (#685)",
            "insertions": 6,
            "deletions": 5
          },
          {
            "hash": "eb9c7460a0e7672bff50c5e0708cb1ff0ed5b329",
            "message": "[#663] ChartView: add total contribution of group (#697)",
            "insertions": 14,
            "deletions": 2
          }
        ]
      },
      {
        "insertions": 36,
        "deletions": 42,
        "date": "2019-06-10",
        "commitResults": [
          {
            "hash": "f96222a79167a55bb30fc9ced940b8660ef72425",
            "message": "[#647] Toolbar: rename values in `sort group by` (#668)",
            "insertions": 36,
            "deletions": 42
          }
        ]
      },
      {
        "insertions": 34,
        "deletions": 24,
        "date": "2019-06-11",
        "commitResults": [
          {
            "hash": "0d3ba8a7da3f4c97014ece0805bef0d1e40799b9",
            "message": "[#660] ChartView: remove ramp slices not within date range (#670)",
            "insertions": 34,
            "deletions": 24
          }
        ]
      },
      {
        "insertions": 2,
        "deletions": 0,
        "date": "2019-06-15",
        "commitResults": [
          {
            "hash": "27152fb10573899b79fe93ffc2e211329ce9a4fc",
            "message": "[#712] ChartView: fix misalignment of chart title (#715)",
            "insertions": 2,
            "deletions": 0
          }
        ]
      },
      {
        "insertions": 0,
        "deletions": 10,
        "date": "2019-06-16",
        "commitResults": [
          {
            "hash": "5a405e1be35dc5ae8ccf832dd5caf27a94f699d4",
            "message": "[#689] v_summary.js: remove unused remnants code (#733)",
            "insertions": 0,
            "deletions": 10
          }
        ]
      }
    ]
  },
  "authorFinalContributionMap": {
    "jylee-git": 14,
    "jamessspanggg": 131
  },
  "authorFileFormatContributionMap": {
    "jylee-git": {
      "java": 0,
      "js": 11,
      "scss": 0,
      "json": 0,
      "md": 0,
      "py": 0,
      "jade": 0,
      "gradle": 0,
      "pug": 3
    },
    "jamessspanggg": {
      "java": 0,
      "js": 74,
      "scss": 35,
      "json": 0,
      "md": 0,
      "py": 0,
      "jade": 0,
      "gradle": 0,
      "pug": 22
    }
  },
  "authorContributionVariance": {
    "jylee-git": 4.076734,
    "jamessspanggg": 344.2857
  },
  "authorDisplayNameMap": {
    "jylee-git": "Jin Yao",
    "jamessspanggg": "James"
  }
}
