{
  "authorDailyContributionsMap": {
    "jylee-git": [
      {
        "insertions": 1,
        "deletions": 1,
        "date": "2019-05-22",
        "commitResults": [
          {
            "hash": "27655c76427fd97a00b3ee2debcd348c8b94b047",
            "messageTitle": "[#667] Report: fix search bar not displaying value provided by url parameter (#676)",
            "messageBody": "Search bar component is not displaying the value that is provided \r\nby the URL parameter.\r\n\r\nThis confuses users into thinking that only the listed authors and \r\nrepos are all that\u0027s captured by the system, when there are others \r\nwhich are filtered out.\r\n\r\nLet\u0027s fix this bug by adding a two-way binding that binds the search \r\nfield and the corresponding JavaScript filterSearch variable.",
            "insertions": 1,
            "deletions": 1
          }
        ]
      },
      {
        "insertions": 8,
        "deletions": 2,
        "date": "2019-06-03",
        "commitResults": [
          {
            "hash": "358440932d705337e318e89232a5da0d4d4f0775",
            "messageTitle": "[#695] Report: allow reset of date controls (#700)",
            "messageBody": "Pressing the \"X\" button in the date field only clears the \r\ndate, with no useful functionality.\r\n\r\nUsers who wish to go back to the default dates will \r\nneed to manually pick the dates from the date picker,\r\nwhich can be troublesome.\r\n\r\nLet\u0027s reset the \"since date\" and \"until date\" to the earliest and \r\nlatest date respectively, should the user clear the date in the \r\nrespective boxes.",
            "insertions": 8,
            "deletions": 2
          }
        ]
      },
      {
        "insertions": 5,
        "deletions": 2,
        "date": "2019-06-04",
        "commitResults": [
          {
            "hash": "d009bcbd8e0b7ccf4c82d340e5fea19fbe23d134",
            "messageTitle": "[#506] Report: add checks to ensure that .zip file is uploaded (#693)",
            "messageBody": "Uploaded files are not checked if the file type is of .zip file.\r\n\r\nNo alerts will be shown to the user and nothing will happen if they \r\nwere to upload non .zip files to the web page.\r\n\r\nLet\u0027s check if the uploaded file is .zip file, and show an alert to \r\nthe user if the user uploaded a non .zip file to the web page.\r\n",
            "insertions": 5,
            "deletions": 2
          }
        ]
      },
      {
        "insertions": 24,
        "deletions": 14,
        "date": "2019-06-26",
        "commitResults": [
          {
            "hash": "cfbe4a0042ba5e71b8f71390fb7ab76dcb3acf51",
            "messageTitle": "[#681,#756] UG: update in accordance to change in Toolbar (#696)",
            "messageBody": "The recent changes in the toolbar component of the report view are not \r\nreflected in the user guide, especially the `group by` function.\r\n\r\nWhen users want to seek the explanation for the `group by`\r\nfunctionality, they may not understand as the relevant sections in user\r\nguide are outdated.\r\n\r\nLet\u0027s update the user guide to reflect the changes made to the Toolbar.\r\nLet\u0027s also take this chance to rephrase certain descriptions that are\r\noutdated or misleading.",
            "insertions": 24,
            "deletions": 14
          }
        ]
      },
      {
        "insertions": 9,
        "deletions": 6,
        "date": "2019-06-27",
        "commitResults": [
          {
            "hash": "1bc01e990391b800818820f4102e5d39958ce3a0",
            "messageTitle": "[#721] Report: remove usage of spread operator (#766)",
            "messageBody": "Microsoft Edge browser does not support spread operator in JavaScript \r\nES6.\r\n\r\nUsers using Microsoft Edge will not be able to load the report.\r\n\r\nLet\u0027s remove the usage of spread operator so as to allow the report\r\nto be run from Microsoft Edge browser.",
            "insertions": 9,
            "deletions": 6
          }
        ]
      },
      {
        "insertions": 115,
        "deletions": 47,
        "date": "2019-06-29",
        "commitResults": [
          {
            "hash": "2a83c22b1cdb5975aac1699ce9662acc605f3d40",
            "messageTitle": "[#711] Analysis: ignore binary files (#728)",
            "messageBody": "Binary files are included in the commits analysis and are shown in the\r\nreport view as interpreted plain text.\r\n\r\nThe produced results are gibberish; junks that do not make sense and\r\nnot useful to the readers.\r\n\r\nLet\u0027s exclude binary files from the analysis.\r\n\r\nThe method implemented to determine whether a file is binary or not is \r\nby utilizing \"git diff\" functionality return a list of committed files \r\nwith the number of lines added and deleted. A file is deemed to be \r\nbinary when the number of lines added and deleted are both \"-\".",
            "insertions": 115,
            "deletions": 47
          }
        ]
      },
      {
        "insertions": 175,
        "deletions": 76,
        "date": "2019-06-30",
        "commitResults": [
          {
            "hash": "ed5c1cf95679951b1e858c6469f3906e7b4f044f",
            "messageTitle": "[#683,#688] Limit range of commits to one month if \"since date\" is not specified (#690)",
            "messageBody": "\"since date\", when not specified, defaults to the date of the first\r\ncommit. \r\n\r\nAnalyzing repos with large number of commits can take up a\r\nlong time, which may leave a bad impression for first time users.\r\n\r\nLet\u0027s,\r\n* limit the range of commits to be captured to one month, if\r\n\"since date\" is not specified.\r\n* allow `--since *` as a shorthand to specify the date of the first\r\ncommit without knowing the actual date.",
            "insertions": 175,
            "deletions": 76
          }
        ]
      },
      {
        "insertions": 13,
        "deletions": 7,
        "date": "2019-07-03",
        "commitResults": [
          {
            "hash": "8ac91e8b6e083128429d2b6a2dddefe6eede9832",
            "messageTitle": "[#781] Fix broken program when reserved character is used without escaping (#782)",
            "messageBody": "Following #690, asterisk is used in since date argument as a shorthand\r\nto the date of the first commit.\r\n\r\nAs asterisk is also a reserved character in shell, using it without\r\nescaping cause the program to be unusable.\r\n\r\nLet\u0027s change the shorthand to d1 so it can be used directly without the\r\nneed to escape.",
            "insertions": 13,
            "deletions": 7
          }
        ]
      },
      {
        "insertions": 206,
        "deletions": 55,
        "date": "2019-07-13",
        "commitResults": [
          {
            "hash": "784d4c3a60bbe4547cf5328febc58a3197aaae66",
            "messageTitle": "[#567] Report#Zip: remove unrelated files and folders (#656)",
            "messageBody": "Zipped files currently contain irrelevant files and/or folders. \r\n\r\nSome users may dump other irrelevant files/folders into \r\nthe same directory as the directory for the repos to be \r\ncloned into. This results in irrelevant files and folders being \r\nincluded in the zip file, which is not intended to be.\r\n\r\nLet\u0027s zip only the relevant repo folders and the \r\ncorresponding .JSON files into the zip file. \r\n\r\nThis method utilizes the existing class `RepoConfiguration` , to\r\nget the list of repos report to be zipped.",
            "insertions": 206,
            "deletions": 55
          }
        ]
      },
      {
        "insertions": 227,
        "deletions": 129,
        "date": "2019-07-17",
        "commitResults": [
          {
            "hash": "e2c6b8c24edeb99ffe65a8c425978c5011d80db1",
            "messageTitle": "[#738] CsvParser: fix incorrect splitting of literals commas (#739)",
            "messageBody": "We parse CSV by using comma as a delimiter.\r\n\r\nWhen commas are used in a column as value, by enclosing double quotes,\r\nthey are mistakenly treated as a delimiter. This results in incorrect\r\nparsing of values.\r\n\r\nLet\u0027s use third-party CSV parser library, Apache Commons CSV to\r\nhandle the intricacies of CSV parsing in a correct and clean\r\nmanner.",
            "insertions": 148,
            "deletions": 91
          },
          {
            "hash": "88c4964f61cf797e6f0ab75925be1ae0851f43c9",
            "messageTitle": "[#531,#707] Analysis: use all formats by default (#708)",
            "messageBody": "By default, a set of common programming file formats is used for\r\nanalysis. To override the default set, one would need the knowledge of\r\nthe file formats used in their repository.\r\n\r\nLet\u0027s,\r\n* simplify this process by using all file formats present in the\r\nrepository by default.\r\n* fix the wrong detection of full directory path instead of filename for\r\nfiles without file extensions.",
            "insertions": 79,
            "deletions": 38
          }
        ]
      },
      {
        "insertions": 149,
        "deletions": 35,
        "date": "2019-07-22",
        "commitResults": [
          {
            "hash": "43ae58637fbb9de7306174fb4b6e00a207b0e9cf",
            "messageTitle": "[#671, #750] CommitInfo: capture commits\u0027 message body (#751)",
            "messageBody": "In the zoom tab, only the commit titles were listed.\r\n\r\nThe commit message title alone may be too abstract for users to \r\nunderstand the rationale of large implementations.\r\n\r\nLet\u0027s capture the commit message body as well and store it in\r\ncommits report.\r\n\r\nThis is a backend implementation of capturing message body to aid \r\nin the implementation of displaying commit message body in the \r\nzoom tab.",
            "insertions": 149,
            "deletions": 35
          }
        ]
      },
      {
        "insertions": 1,
        "deletions": 1,
        "date": "2019-07-25",
        "commitResults": [
          {
            "hash": "26feb35158e42a9c25f92d80d742ab3ff779cd97",
            "messageTitle": "[#833] build.gradle: update node.js to 10.16.0 (#836)",
            "messageBody": "One of our indirect dependencies, sass@1.22.8, requires\r\n`url.pathToFileURL` which is only available in node.js 10.12.0 or\r\nlater.\r\n\r\nAs our version of node.js is at 10.5.0, this cause our CIs to fail.\r\n\r\nLet\u0027s update node.js to the latest lts release 10.16.0.",
            "insertions": 1,
            "deletions": 1
          }
        ]
      },
      {
        "insertions": 194,
        "deletions": 91,
        "date": "2019-07-30",
        "commitResults": [
          {
            "hash": "a4d72afe5c5f5f10b81a1199fe2aca31c7a55591",
            "messageTitle": "[#759] Cloning: remove redundant cloning from remote (#765)",
            "messageBody": "In Windows OS, each repo will be bare cloned from the remote, checked \r\nfor any illegal characters in the file path, then cloned from the \r\nremote again to be analyzed.\r\n\r\nThe double cloning of the same repo from the remote increases analysis \r\ntime significantly, especially when the user has a sub-optimal\r\ninternet bandwidth.\r\n\r\nIn addition, when setting repo-config file, if the user specifies a\r\nrepo branch that contains file path with illegal characters in the repo\r\nto be analyzed first before the other branches of the same repo, an\r\nexception will be thrown for the first branch with files containing\r\nillegal characters in the repo, and the other branches of the same repo\r\nwill be ignored.\r\n\r\nLet\u0027s: -\r\n- Locally clone from the previously cloned bare repo instead to\r\nreduce the overall time of cloning and analysis.\r\n- Check the other branches of the same repo for files containing \r\nillegal characters as well as analyze them.\r\n\r\nEach repo will be bare cloned. Then for each branch to be analyzed, \r\nthe bare repo will be used to check for any illegal characters in the \r\nfile path. If no illegal characters are found, perform a full clone \r\nfrom the bare repo into a new location and directly check out into the \r\ntargeted branch to be analyzed.",
            "insertions": 194,
            "deletions": 91
          }
        ]
      },
      {
        "insertions": 268,
        "deletions": 72,
        "date": "2019-08-01",
        "commitResults": [
          {
            "hash": "52f95c2b3445bea5dc169cf9c2feae7f4572e1e7",
            "messageTitle": "[#598] Report: show error message summary (#743)",
            "messageBody": "Repos that fail to be cloned or branched will be blended with the \r\nother successfully analyzed repos with a failure message.\r\n\r\nUsers may fail to differentiate between the repos that failed the \r\nanalysis and the ones that did not.\r\n\r\nLet\u0027s collate the list of repos that experienced issues during the \r\nanalysis and display them in a message box on top of the report \r\nview.",
            "insertions": 264,
            "deletions": 70
          },
          {
            "hash": "1e6e866d3ed2151f1e2c0869b0a6a283bf8b72d9",
            "messageTitle": "[#825] ReportGenerator: fix zip paths (#826)",
            "messageBody": "Due to a change in the RepoConfiguration display name in a recent PR,\r\n#802, the ZIP utility now attempts to zip report folders using the new \r\ndisplay name. Hence, as the name of the report folder is now different \r\nfrom the display name, this results in none of the files being zipped\r\nand produce a zip file unusable to display the report.\r\n\r\nLet\u0027s fix this by directing the zip algorithm to look for the\r\n`OutputFolderName` instead.",
            "insertions": 4,
            "deletions": 2
          }
        ]
      },
      {
        "insertions": 96,
        "deletions": 4,
        "date": "2019-08-02",
        "commitResults": [
          {
            "hash": "997c68367efead68f1de81a6202035ce86fc338f",
            "messageTitle": "[#750] Zoom Tab: display commit message body (#755)",
            "messageBody": "In the zoom tab, only the commit message titles were listed.\r\n\r\nThe commit message title alone may be too abstract for users to \r\nunderstand the rationale of large implementations.\r\n\r\nLet\u0027s display the commit message body below each commit message title \r\nso that users get more clarity to the purpose of each commits.\r\n\r\nThis is a front-end implementation of displaying commit message body \r\nafter the merged PR #751 that handles the storing of commit message\r\nbody in the commit report files.",
            "insertions": 96,
            "deletions": 4
          }
        ]
      },
      {
        "insertions": 35,
        "deletions": 21,
        "date": "2019-08-03",
        "commitResults": [
          {
            "hash": "bc562724f208acab57e336383d3011ecc350ceb0",
            "messageTitle": "[#808, #815] Docs: update documentation (#822)",
            "messageBody": "With the recently merged pull requests, UI and behavioral changes in \r\nthe report view are not reflected in the documentation.\r\n\r\nUsers who want to view an author\u0027s codes or expand the codes that \r\nwere untouched by an author, may not understand how to do so as the \r\nuser guide relating to these features is outdated.\r\n\r\nLet\u0027s update the user guide to reflect the changes made to the summary \r\nand code panel. Let\u0027s also take this chance to update components in  \r\nthe developer guide that are outdated and can cause confusion with the \r\nnew developers.",
            "insertions": 35,
            "deletions": 21
          }
        ]
      },
      {
        "insertions": 831,
        "deletions": 320,
        "date": "2019-08-18",
        "commitResults": [
          {
            "hash": "ada4e3e372d1e51fe380e952913f2468cd2355e4",
            "messageTitle": "[#520] Group: allow customization of file categories (#787)",
            "messageBody": "\"Group\" is a new type of classification introduced in this PR to \r\nclassify files/directories that match the given globs into different \r\ncategories. This is similar to how we use the file formats to perform \r\nbreakdown in the ChartView as well as search and filter in CodeView.\r\n\r\nThis Group functionality provides the ability to customize each \r\ncategory, giving users more control over the information reflected in \r\nthe report. To utilize this feature, users simply have to specify the \r\ncategories and the corresponding globs for the classification. \r\nE.g.: the user can categorize the entire \"src/\" folder as code, which \r\nis especially useful when the codebase consists of more than 1 file \r\nformat.\r\n\r\nLet\u0027s allow users to specify their own custom groups for files in a \r\nrepository, and view a breakdown of contribution by these groups in \r\nthe report.\r\n\r\nThe user can specify a config file named \"groups-config.csv\", which \r\ncontains the repository\u0027s location, group names and globs to include \r\nfor the group. \r\n\r\nIf no group is assigned to a file, it is assigned the default \r\ngroup: `other`.\r\n\r\nIf groups are specified by the user, the Code View and the Contribution\r\nbar will show a breakdown by groups for the checkboxes. Else, breakdown\r\nby file formats are shown instead.\r\n\r\nAs the code for Format and Grouping are largely similar, let\u0027s,\r\n* replace the existing Format class with a new class \"FileType\",\r\nwhich uses file globs to determine if a file matches the formats or\r\ngroups glob.\r\n* introduce a new class \"FileTypeManager\" that holds two list of \r\nFileType: \"Format\" and \"Group\".",
            "insertions": 831,
            "deletions": 320
          }
        ]
      },
      {
        "insertions": 1,
        "deletions": 1,
        "date": "2019-09-14",
        "commitResults": [
          {
            "hash": "0fa0530e02f9277221f30d33ac59fa8cd99e4ace",
            "messageTitle": "Report: fix breakdown by file type (#889)",
            "messageBody": "Breakdown by file types functionality is broken when grouping by NONE \r\nor by AUTHORS.\r\n\r\nThis is caused by a typo in a variable name that does not exist. As a \r\nresult, the report is unable to populate the list of file types and \r\nusers won\u0027t be able to view the breakdown of contribution by file type \r\nwhen grouping by NONE or by AUTHORS.\r\n\r\nLet\u0027s fix the typo in the variable name.",
            "insertions": 1,
            "deletions": 1
          }
        ]
      }
    ],
    "bluein-green": [
      {
        "insertions": 8,
        "deletions": 6,
        "date": "2019-07-10",
        "commitResults": [
          {
            "hash": "95e1ff81b55b7337c6f79e354acfbca56c05e53c",
            "messageTitle": "[#745] Toolbar: edit flexbox properties (#768)",
            "messageBody": "The toolbar does not adjust to changes in window or pane width.\r\n\r\nUnder certain widths, the `search` field is not visible.\r\n\r\nLet\u0027s edit the flexbox properties of the toolbar to allow its elements\r\nto shrink and wrap to occupy more rows when the window or pane width \r\nis decreased.",
            "insertions": 8,
            "deletions": 6
          }
        ]
      },
      {
        "insertions": 25,
        "deletions": 0,
        "date": "2019-07-14",
        "commitResults": [
          {
            "hash": "0e24977b4c6c418078697361e13f7402aa485deb",
            "messageTitle": "[#705] Log: distinct warning and error messages (#794)",
            "messageBody": "Messages of different severity are outputed in similar format, without\r\nany form of distinction.\r\n\r\nThis creates difficulty for our users to distinguish messages of\r\ndifferent severity from the logs. Moreover, messages of higher severity\r\noften contains important info which may requires user\u0027s action and\r\nshouldn\u0027t be left unnoticed.\r\n\r\nLet\u0027s make these messages more distinct by inserting a highlighted\r\nstatus tag e.g. `[ERROR]` before the message.",
            "insertions": 25,
            "deletions": 0
          }
        ]
      },
      {
        "insertions": 9,
        "deletions": 5,
        "date": "2019-07-18",
        "commitResults": [
          {
            "hash": "e7aa3277c8785b608e7b36ccdfc4457f65f832ff",
            "messageTitle": "[#753] Display individuals\u0027 contribution (#762)",
            "messageBody": "Contribution is shown only for each group as a whole.\r\n\r\nWhile it is possible to view the contribution based on each chart by \r\nhovering over the contribution bar, this requires extra work by the\r\nuser. It will be more user-friendly if the contribution can be viewed\r\non the page itself.\r\n\r\nLet\u0027s display the contribution for each chart in the chart title.\r\nThis information is shown using the same style as the group\u0027s total \r\ncontribution.",
            "insertions": 9,
            "deletions": 5
          }
        ]
      },
      {
        "insertions": 25,
        "deletions": 12,
        "date": "2019-07-20",
        "commitResults": [
          {
            "hash": "e2a938abbd053464ffd9fba61692c962eedf52cf",
            "messageTitle": "[#661] Change chart title format (#802)",
            "messageBody": "The chart title uses underscores to separate `org`, `repo` and\r\n`branch`. Furthermore, `displayName` is used for both the chart title\r\nand repo analysis output folder name.\r\n\r\n`org`, `repo` and `branch` might have underscores in them, making it\r\ndifficult to discern each term. Using a single parameter displayName\r\nto represent both the output folder name and the chart title would\r\nconstrain us to not use /. This has shown that the output folder name\r\nand the chart title have little compatibility, and difficulty in coming\r\nup with a coherent format.\r\n\r\nLet\u0027s use a separate variable, `outputFolderName`, for the out folder\r\nname so that a different format, `org/repo[branch]`, can be used for\r\nthe chart title.",
            "insertions": 25,
            "deletions": 12
          }
        ]
      },
      {
        "insertions": 28,
        "deletions": 4,
        "date": "2019-08-01",
        "commitResults": [
          {
            "hash": "9c017d0238bee39bab3d466f7d5f0ded01c68921",
            "messageTitle": "[#767] ChartView: clear selected zoom region on settings change (#775)",
            "messageBody": "The zoom region on the ramp chart is not cleared when settings in the\r\ntoolbar are changed. \r\n\r\nThis could be misleading for users as the commits currently in the \r\nzoom region on the ramp chart do not correspond to those in the\r\ncommits panel.\r\n\r\nLet\u0027s clear the ramp chart\u0027s zoom region by calling \r\n`deactivateAllOverlays()` when the settings are changed.",
            "insertions": 3,
            "deletions": 4
          },
          {
            "hash": "208f5b560e9d95df434360123a5e7757bc35bcbf",
            "messageTitle": "[#319] StandaloneConfig: add default value unit test (#843)",
            "messageBody": "We do not have a repo that contains a standalone config with only the\r\nmandatory fields filled in.\r\n\r\nHaving such a repo and a unit test is needed to check whether the\r\nresulting `RepoConfiguration` based on the minimal standalone config\r\nhas its fields assigned default values.\r\n\r\nLet\u0027s add a repo containing a minimal standalone config, and the\r\ncorresponding test for default values.",
            "insertions": 25,
            "deletions": 0
          }
        ]
      },
      {
        "insertions": 31,
        "deletions": 1,
        "date": "2019-08-02",
        "commitResults": [
          {
            "hash": "e9c4bdcda2880bed4bda06e6002f74040de3c567",
            "messageTitle": "[#703] Log: show analysis progress (#837)",
            "messageBody": "The progress in analyzing the repos is not shown.\r\n\r\nUsers who are waiting for the analysis to complete may want\r\nto know how many repos RepoSense has analyzed so far.\r\n\r\nLet\u0027s show the queue number of the repo that is currently\r\nbeing analyzed. Repos that failed to clone or checkout will\r\nnot cause the queue number to increase.",
            "insertions": 31,
            "deletions": 1
          }
        ]
      },
      {
        "insertions": 63,
        "deletions": 1,
        "date": "2019-08-03",
        "commitResults": [
          {
            "hash": "6003050a7f2df8a8427e66e99ea9dfe7cb835979",
            "messageTitle": "[#817] Cypress: add code view loading time benchmark test (#824)",
            "messageBody": "We do not have a benchmark for the time taken to load code view. \r\n\r\nThis makes it difficult to ascertain whether new code added will slow\r\ndown its opening, which will result in a less positive user experience.\r\n\r\nLet\u0027s add a benchmark test for the opening of the code view. The\r\nthreshold for the load time is 8s, with the buffer time being\r\nthe larger of 3s or 10% of the threshold. If out of 5 trials, the\r\nload times of all trials exceed the maximum time, the test is deemed to\r\nhave failed.",
            "insertions": 63,
            "deletions": 1
          }
        ]
      }
    ],
    "jamessspanggg": [
      {
        "insertions": 2,
        "deletions": 2,
        "date": "2019-05-17",
        "commitResults": [
          {
            "hash": "adb48f4e903be700b33b953457ca5b69df4908e8",
            "messageTitle": "[#652] ChartView: fix url directing to wrong repository (#655)",
            "messageBody": "The Octocat icon links to a GitHub repository by using the index 0 to\r\nget the URL of the first repository.\r\n\r\nWhen summary charts are grouped by Author, different repositories \r\nunder the same Author to all link to the same URL as the first \r\nrepository.\r\n\r\nLet\u0027s update the URL to point to their respective repository by\r\nreferencing with the correct index.",
            "insertions": 2,
            "deletions": 2
          }
        ]
      },
      {
        "insertions": 2,
        "deletions": 2,
        "date": "2019-05-31",
        "commitResults": [
          {
            "hash": "3bbe5fccfc04aeb2742d814fef4fb8f534f3b55e",
            "messageTitle": "[#672] Toolbar: set \u0027commit\u0027 as default for granularity (#684)",
            "messageBody": "The default value of granularity is `Day`.\r\n\r\n`Commit` as granularity is more closer to reality because users are more\r\nlikely to observe per commits rather than per day/week. Users can choose\r\na more summarized view at their discretion.\r\n\r\nLet\u0027s change the default value for granularity to `Commit`.\r\n",
            "insertions": 1,
            "deletions": 1
          },
          {
            "hash": "3bf07fd69586874cf3238e9b28ea025b96f7ba97",
            "messageTitle": "[#699] Report: standardize the author\u0027s name display (#701)",
            "messageBody": "When summary charts are grouped by none or repo/branch, author\u0027s name\r\ndisplay shows only the display name. Whereas when grouped by author,\r\nthe name display shows the display name as well as GitHub username.\r\n\r\nThis causes inconsistency in the name display. Furthermore, user won\u0027t\r\nbe able to refer to the author\u0027s GitHub username when the summary\r\ncharts are not grouped by author.\r\n\r\nLet\u0027s standardize all the name display using the format,\r\n[display name] (github username).",
            "insertions": 1,
            "deletions": 1
          }
        ]
      },
      {
        "insertions": 32,
        "deletions": 2,
        "date": "2019-06-03",
        "commitResults": [
          {
            "hash": "7c0750c510003722f72ad363cb50ce759aa6735a",
            "messageTitle": "[#635] CodeView: add line number to code (#669)",
            "messageBody": "The code view displays only the code without the line number.\r\n\r\nIt is hard to associate a specific line from the code view with the\r\nactual code without the line number.\r\n\r\nLet\u0027s update the code view to display the line numbers by adding an\r\narray in each segment to keep track of the line numbers of the code.",
            "insertions": 32,
            "deletions": 2
          }
        ]
      },
      {
        "insertions": 38,
        "deletions": 17,
        "date": "2019-06-05",
        "commitResults": [
          {
            "hash": "ad1e0265a549888e25fc4b94759cca4bea575785",
            "messageTitle": "[#702] Fix url directing to the wrong branch (#704)",
            "messageBody": "The Octocat icon always links to the master branch of a GitHub \r\nrepository.\r\n\r\nOctocat icons of summary charts that are not within the master \r\nbranch will still point to the URL of the master branch.\r\n\r\nLet\u0027s update the URL to point to their respective branch.",
            "insertions": 18,
            "deletions": 10
          },
          {
            "hash": "afa5be94ea35410ed126c2958024696a62d4fa2e",
            "messageTitle": "[#664] Toolbar: expand width for `breakdown by file format` (#685)",
            "messageBody": "The width of label `breakdown by fileformat` is set to 110px which\r\ndisplays in two lines even though there are enough room for it to\r\ndisplay in a single line.\r\n\r\nThis will cause the label to not look as organised as compared to the\r\nlabel being displayed in a single line.\r\n\r\nLet\u0027s expand the width for `breakdown by file format` by setting the\r\nwidth as fit-content to ensure that the label is displayed in a single\r\nline.",
            "insertions": 6,
            "deletions": 5
          },
          {
            "hash": "eb9c7460a0e7672bff50c5e0708cb1ff0ed5b329",
            "messageTitle": "[#663] ChartView: add total contribution of group (#697)",
            "messageBody": "A group only shows the total contribution of each author or repo/branch\r\nwithin the group but not the total contribution of all combined.\r\n\r\nIt is rather difficult for the user to compare the total contribution\r\nbetween groups as the user would need to sum up the contribution of each\r\nrow in order to get the total contribution of a group.\r\n\r\nLet\u0027s display the total contribution of groups beside the group title so\r\nthat it is easier for the user to do comparisons between groups.",
            "insertions": 14,
            "deletions": 2
          }
        ]
      },
      {
        "insertions": 36,
        "deletions": 42,
        "date": "2019-06-10",
        "commitResults": [
          {
            "hash": "f96222a79167a55bb30fc9ced940b8660ef72425",
            "messageTitle": "[#647] Toolbar: rename values in `sort group by` (#668)",
            "messageBody": "The `sort groups by` selection contains the option of `repo/branch` and\r\n`name` when charts are grouped by Repo/Branch and Author respectively.\r\n\r\nAs it is a `sort group by` selection, there\u0027s is no need to use two\r\ndifferent options `repo/branch` and `name` as they both refer to the\r\n`group name`\r\n\r\nLet\u0027s rename both values to `group name` to standardize the values.",
            "insertions": 36,
            "deletions": 42
          }
        ]
      },
      {
        "insertions": 34,
        "deletions": 24,
        "date": "2019-06-11",
        "commitResults": [
          {
            "hash": "0d3ba8a7da3f4c97014ece0805bef0d1e40799b9",
            "messageTitle": "[#660] ChartView: remove ramp slices not within date range (#670)",
            "messageBody": "After adjusting the date range, ramp slices that are not within the \r\ndate range still shows in the ramp row.\r\n\r\nUsers would only want to see the ramp slices that are within the date \r\nrange.\r\n\r\nLet\u0027s remove the ramp slices that are not within date range by \r\nchecking if the position of the ramp slices are within the width of \r\nthe ramp row (if it is not within the width of the ramp row, the ramp\r\nslice is not within date range) before adding the ramp slices to the \r\nramp row.",
            "insertions": 34,
            "deletions": 24
          }
        ]
      },
      {
        "insertions": 2,
        "deletions": 0,
        "date": "2019-06-15",
        "commitResults": [
          {
            "hash": "27152fb10573899b79fe93ffc2e211329ce9a4fc",
            "messageTitle": "[#712] ChartView: fix misalignment of chart title (#715)",
            "messageBody": "When \u0027breakdown by file format\u0027 is checked, the title of a chart aligns\r\nbeside the contribution bars of the previous chart when the\r\ncontribution bars\u0027 height of exceeds the margin allocated.\r\n\r\nLet\u0027s fix this misalignment by adding css property \u0027clear:left\u0027 to the\r\nchart title so that the chart title will always start at a new line.",
            "insertions": 2,
            "deletions": 0
          }
        ]
      },
      {
        "insertions": 0,
        "deletions": 10,
        "date": "2019-06-16",
        "commitResults": [
          {
            "hash": "5a405e1be35dc5ae8ccf832dd5caf27a94f699d4",
            "messageTitle": "[#689] v_summary.js: remove unused remnants code (#733)",
            "messageBody": "Unused code was found in v_summary.js; specifically code associated\r\nwith the variable, filterSortReverse. They are remnants left behind by\r\nthe improvement of sort controls introduced in #618.\r\n\r\nThe unused code was originally bind to the reverse checkbox in the\r\nolder version of RepoSense. As the checkbox was replaced by the\r\nintroduction of ascending and descending options in #618, the code is\r\nnow unused and redundant. This is also partially due to the complexity\r\nbrought upon by new sorting group, the reversing has to be done within\r\nthe code of descending\u0027s logic, rendering those code not reusable.\r\n\r\nLet\u0027s remove the unused code associated to the variable, \r\nfilterSortReverse and it\u0027s implementations.",
            "insertions": 0,
            "deletions": 10
          }
        ]
      },
      {
        "insertions": 36,
        "deletions": 22,
        "date": "2019-06-26",
        "commitResults": [
          {
            "hash": "194bd125a57a63f2e764a348b7549f9bba18213e",
            "messageTitle": "[#645] CodeView: improve UI of sort bar (#716)",
            "messageBody": "In the UI of sortbar: \r\n- The font size of 3 controls (searchbar, checkbox, sort) are different\r\n- The sorting option\u0027s position is below the radio controls\r\n- The font of reverse checkbox is red in colour\r\n- The gaps between sorting option and radio controls is not \r\nstandardized\r\n\r\nLets:\r\n- Standardize the font size of all 3 controls so that the sort bar\r\nlooks neater\r\n- Shift sorting option to be above radio controls to further\r\nemphasize the number of radio buttons better\r\n- Set the font of reverse checkbox to be black in color to\r\ndifferentiate from other checkboxes and to be consistent with the\r\nChartView\r\n- Standardize the gaps between sorting option and radio controls",
            "insertions": 28,
            "deletions": 19
          },
          {
            "hash": "5ad348098a9baa2effea7646bf0463da8cae5dd2",
            "messageTitle": "[#720] Set command-click to activate zoom-in feature for macOS devices (#730)",
            "messageBody": "Ctrl + mouse left-click is the default combination to activate the\r\nzoom-in feature for all environment.\r\n\r\nHowever, as the combination is registered as a right-click in macOS\r\nenvironment, users of macOS devices wouldn\u0027t be able to activate the\r\ncorresponding feature.\r\n\r\nLet\u0027s modify the zoom-in controls to allow command click for macOS \r\ndevices and control click for all other devices.",
            "insertions": 8,
            "deletions": 3
          }
        ]
      },
      {
        "insertions": 35,
        "deletions": 10,
        "date": "2019-06-27",
        "commitResults": [
          {
            "hash": "8591328fbf84af35f2943756ae3f2a6fed8f67ef",
            "messageTitle": "[#666] CodeView: load un-authored code only when toggled (#740)",
            "messageBody": "Viewing the changes in code of an author causes the app to \r\nrender all authored and un-authored segments within modified files.\r\nA small change in large file will cause the entire file to be preloaded.\r\n\r\nWhen an author has small changes done to a lot of large files, it will\r\nlead to an unresponsive page as loading the large un-authored segments\r\nwill affect the rendering speed. Furthermore, the preloading of all \r\nun-authored code is not necessary as users might only view the \r\nun-authored code under certain circumstances. (e.g. when the user \r\ndoes not understand why the author added the authored code)\r\n\r\nLet\u0027s modify the app to only load the un-authored code when the \r\nuser toggles the \u0027Show untouched code\u0027 icon.",
            "insertions": 35,
            "deletions": 10
          }
        ]
      },
      {
        "insertions": 1,
        "deletions": 1,
        "date": "2019-06-28",
        "commitResults": [
          {
            "hash": "d09194c65d9016c56dfc11d341b91cde5c0d1503",
            "messageTitle": "[#741] Fix view code icon not opening CodeView (#744)",
            "messageBody": "The splitCommitsWeek() method executes a dateRounding() method that \r\nrounds up the filterSinceDate to the next nearest Monday. When the \r\nreport page is reloaded, the filterSinceDate is set to the value of \r\nthe \u0027since\u0027 hash by the getDates() method. Since within the \r\ngetFiltered() method, splitCommitsWeek() is executed before\r\ngetDates(), the filterSinceDate stores an empty string which is \r\npassed to the dateRounding() method and returns a NaN value. \r\n\r\nSince splitCommitsWeek() method is only called when granularity is \r\n\u0027week\u0027, if users were to set granularity as \u0027week\u0027 and reload the page,\r\nclicking on the view code icon does not open the CodeView panel. \r\n\r\nLet\u0027s shift the getDates() method to be executed before \r\nsplitCommitsWeek() to make sure that splitCommitWeek() method\r\nis called with a valid filterSinceDate, which fixes the described bug.",
            "insertions": 1,
            "deletions": 1
          }
        ]
      },
      {
        "insertions": 2,
        "deletions": 2,
        "date": "2019-06-29",
        "commitResults": [
          {
            "hash": "63ca0a11c8351729866d181a152742b2333c987d",
            "messageTitle": "[#680] Vue: fix error message in development mode (#742)",
            "messageBody": "An error message stating \"error compiling template: - \u003ctemplate\u003e\r\ncannot be keyed. Place the key on real elements instead.\" was found in\r\nChrome browser\u0027s console when running Vue in development mode for our\r\nreport.\r\n\r\nAlthough the Vue development tool still functions correctly, it \r\nhighlights an issue with the existing style and possibility degrades \r\nthe efficiency of the operations.\r\n\r\nLet\u0027s remove the Chrome browser console error by shifting the binding \r\nof keys from the \u003ctemplate\u003e tag to the inner \u003clabel\u003e tag.",
            "insertions": 2,
            "deletions": 2
          }
        ]
      },
      {
        "insertions": 38,
        "deletions": 11,
        "date": "2019-07-03",
        "commitResults": [
          {
            "hash": "651df45df4d9a91cf5557aabc030c309e93f20de",
            "messageTitle": "[#770] Add placeholder for repositories with no author found (#777)",
            "messageBody": "Repositories with no author specified in the configuration files as\r\nwell as no commits made during the specified period do not appear in\r\nthe report.\r\n\r\nThis is caused by a TypeError in JavaScript. When an author\r\nconfiguration can\u0027t be found for a repository, RepoSense will perform\r\nthe identification of the authors using the commits. However, in the\r\nevent that even commits cannot be found, author information will not be\r\navailable and result in the error stated above.\r\n\r\nAs users may not notice the disappearance of these repositories, let\u0027s\r\nadd a placeholder with an error message of \u0027NO AUTHOR WITH COMMITS\r\nFOUND WITHIN THIS PERIOD OF TIME\u0027 to the affected repositories to\r\ninform users of the occurrence of this error.",
            "insertions": 38,
            "deletions": 11
          }
        ]
      },
      {
        "insertions": 69,
        "deletions": 72,
        "date": "2019-07-04",
        "commitResults": [
          {
            "hash": "61be4e20b1af8e9eb1832fa5afa89bf7fe155f5a",
            "messageTitle": "[#312] CodeView: reduce space taken by toggle icon (#773)",
            "messageBody": "The toggle icon that separates between untouched and touched code \r\nsegments within the CodeView takes up significant amount of extra space.\r\n\r\nThe extra white space causes the code to be in a different layout than \r\nits actual layout.\r\n\r\nLet\u0027s place the toggle icon on the side of the code to not disrupt the \r\nlayout of the code while saving the extra space taken by the current\r\ntoggle icon.",
            "insertions": 69,
            "deletions": 72
          }
        ]
      },
      {
        "insertions": 29,
        "deletions": 7,
        "date": "2019-07-10",
        "commitResults": [
          {
            "hash": "e3dc5d13cd231f26062bcc9fd5cf22ffaed32b9d",
            "messageTitle": "[#748] Restore authorship tab (#749)",
            "messageBody": "Reloading the report page with the authorship tab opened will result\r\nto a closed authorship tab.\r\n\r\nThe info.name property is only created when clicking on the view code\r\nicon and calling openTabAuthorship() method of v_summary. The\r\ninitiate() method of v_authorship sets the isTabActive property to be \r\nfalse if info.name property does not exist. Reloading the report page \r\ndoes not call openTabAuthorship(), which means that the info.name \r\nproperty will not exist and the isTabActive is false regardless of \r\nurl value.\r\n\r\nLet\u0027s modify the initiate() method of v_authorship.js to check for\r\ninfo.author property instead of info.name as the property exists \r\nwhen reloading the page as well as clicking on the view code icon.\r\nThis modification properly restores the last viewed authorship tab, \r\nif any.",
            "insertions": 29,
            "deletions": 7
          }
        ]
      },
      {
        "insertions": 2,
        "deletions": 5,
        "date": "2019-07-14",
        "commitResults": [
          {
            "hash": "d45513d6692248bfa38808e3b045b4ce51039c0c",
            "messageTitle": "[#791] CodeView: bugfix for unexpected colors in line numbers (#792)",
            "messageBody": "The css property of line number only overwrites the color property of \r\nclasses \u0027hljs-number\u0027 and \u0027hljs-comment\u0027. Others classes such as\r\n\u0027hljs-quote\u0027, \u0027hljs-name\u0027 and more are not overwritten.\r\n\r\nThis will cause the color property of certain line numbers to inherit \r\nfrom the hljs classes that are not overwritten.\r\n\r\nLet\u0027s overwrite all hljs classes to ensure the color property of the \r\nline number to always be grey.",
            "insertions": 2,
            "deletions": 5
          }
        ]
      },
      {
        "insertions": 17,
        "deletions": 2,
        "date": "2019-07-17",
        "commitResults": [
          {
            "hash": "255907108d29f67d4a08b91d36c8fe9a8368e7aa",
            "messageTitle": "ChartView: highlight error messages in red (#790)",
            "messageBody": "Within ChartView, ramp charts with error messages are blended together \r\nwith the other ramp charts without error messages as they both have \r\nsimilar UI.\r\n\r\nLet\u0027s modify the UI of ramp charts with error messages to use red color \r\nfor their info message font to distinguish itself from other ramp \r\ncharts without error messages.",
            "insertions": 16,
            "deletions": 2
          },
          {
            "hash": "674f87d83558ccdee29d8aadf42a9647624e2d30",
            "messageTitle": "[#811] CodeView: fix position of toggle icons (#813)",
            "messageBody": "The \u0027closer\u0027 class designated for icons that toggle code segments\r\nis absolutely positioned. Due its parent class, \u0027untouched\u0027, being \r\nin default static position, \u0027closer\u0027 is positioned relatively to the \r\nedges of the root containing block.\r\n\r\nWhen scrolling through horizontally within each code segment, the \r\ntoggle icons remains unchanged in their position in x-axis, hovering \r\nover the text in code view.\r\n\r\nLet\u0027s relatively position the \u0027untouched\u0027 class, which turns the class \r\ninto a containing block. This ensures absolutely positioned elements \r\ncontained within will be positioned relative to the edges of \u0027untouched\u0027\r\nrather than the root containing block. ",
            "insertions": 1,
            "deletions": 0
          }
        ]
      },
      {
        "insertions": 806,
        "deletions": 752,
        "date": "2019-07-18",
        "commitResults": [
          {
            "hash": "e8bf034aaf33fa1a59c8933ffaa22dfdf82048fb",
            "messageTitle": "[#522] Implement style checker on .scss files (#803)",
            "messageBody": "RepoSense currently has CheckStyle and ESLint to check our java and \r\njavascript code styles automatically. However, .scss files are not \r\ncovered by any of these tools.\r\n\r\nLet\u0027s implement stylelint to check the code styles of .scss files.",
            "insertions": 806,
            "deletions": 752
          }
        ]
      },
      {
        "insertions": 11,
        "deletions": 1,
        "date": "2019-07-20",
        "commitResults": [
          {
            "hash": "174d06f15417b6feb7fc44bc608a478518a66b34",
            "messageTitle": "[#764] Toolbar: fix search functionality for Safari users (#797)",
            "messageBody": "The \u0027enter\u0027 key submits html forms in browsers such as Chrome and \r\nFirefox, but not in Safari.\r\n\r\nSince the getFiltered() method is executed on submit of the html form,\r\nSafari browser users are unable to activate the search functionality \r\nwhen search value is keyed in and \u0027enter\u0027 key is pressed.\r\n\r\nLet\u0027s move the execution of getFiltered() method to be within \r\nupdateFilterSearch(), to ensure that Safari users are also able to \r\nactivate the search functionality.",
            "insertions": 2,
            "deletions": 1
          },
          {
            "hash": "f6520543bcb0c7ef1d0365a74a87958caca89e92",
            "messageTitle": "[#763] v_summary.js: remove redundant calls to getFiltered() (#800)",
            "messageBody": "When reloading the report page, the data in v_summary such as\r\nfilterSinceDate, filterUntilDate, filterTimeFrame etc will change based \r\non the URL hash values. The changes in data will trigger the watchers \r\nfor those data, and each of them will call getFiltered() method.\r\n\r\nOnly one call for getFiltered() is required after rendering the filter \r\nhash, the other getFiltered() calls by the watchers are redundant.\r\nWhen the report is large in size, repeatedly executing getFiltered()\r\nwhen reloading the report will also significantly affect the loading \r\nperformance of our report.\r\n\r\nLet\u0027s only allow watchers to execute getFiltered() after the first \r\ncycle of watcher updates to prevent redundant calls to getFiltered().",
            "insertions": 9,
            "deletions": 0
          }
        ]
      },
      {
        "insertions": 49,
        "deletions": 26,
        "date": "2019-07-22",
        "commitResults": [
          {
            "hash": "c8f248d9283fe86270e1f2906a7812882742bff2",
            "messageTitle": "[#724] Modify zoom-in feature to based on selected granularity (#729)",
            "messageBody": "The zoom-in feature opens the zoom panel to show the selected\r\nsub-range of a ramp chart in terms of \u0027commit\u0027. This feature, however, \r\nonly works when the granularity is set to commit or day.\r\n\r\nUsers will not be able to use this feature with granularity set to week,\r\nas the method getUserCommits() gets all user commits by interating \r\nthrough an undefined key object \u0027dayCommits\u0027, which stops the method\r\nexecution.\r\n\r\nMoreover, long sub-range of ramp charts will contain dense information \r\nwith ramp slices overlapping each other. This happens even when \r\ngranularity is set to day or week, which makes it difficult for users to \r\nnotice substantial info on these ramp charts.\r\n\r\nLet\u0027s correctly implement the zoom-in feature when granularity is set to\r\nweek. Furthermore, let\u0027s modify the feature for the ramp chart within \r\nzoom panel to be in terms of the granularity selected, which allow users \r\nto observe selected granularity of commits more clearly within the \r\nzoomed-in range.",
            "insertions": 42,
            "deletions": 19
          },
          {
            "hash": "eb0e20f6cfda5485770df37e8f387082452d88c7",
            "messageTitle": "[#780] v_summary.js: remove Vue watcher for repos (#783)",
            "messageBody": "A redundant Vue watcher was found in v_summary.js, specifically the Vue\r\nwatcher for repos, as repos should remain constant and not be modified.\r\n\r\nThis is primarily used to call the getUsers() method, however this \r\nitself is redundant as getUsers() shouldn\u0027t be called more than once \r\nas it tends to overwrite repos with the same set of values.\r\n\r\nAdditionally, using Vue watcher for large data, such as repos, affects \r\nthe performance of the report.\r\n\r\nLet\u0027s remove the Vue watcher for repos and modify getUsers() to be \r\ncalled only once when page is firstly loaded.",
            "insertions": 6,
            "deletions": 6
          },
          {
            "hash": "790840f5c3130b829cb655609d5e481b5932991d",
            "messageTitle": "[#820] Cypress: add sinceDate in command arguments (#821)",
            "messageBody": "The arguments used to generate the sample report used in Cypress \r\ntests is \u0027--repo https://github.com/reposense/RepoSense.git --view\u0027. \r\n\r\nSince sinceDate and untilDate is not provided in the arguments, the \r\nreport duration will be from one month before today\u0027s date until\r\ntoday\u0027s date. This causes the current sample report used for Cypress\r\ntests to contain empty ramp charts, which does not mimic a realistic\r\nreport.\r\n\r\nLet\u0027s add a \u0027--since d1\u0027 argument to the existing arguments, which \r\ngenerates a more realistic sample report that contains the commits\r\nmade from start until today\u0027s date.",
            "insertions": 1,
            "deletions": 1
          }
        ]
      },
      {
        "insertions": 0,
        "deletions": 9,
        "date": "2019-07-24",
        "commitResults": [
          {
            "hash": "1378e60b66d2493595efc17eae763327d266faa8",
            "messageTitle": "[#828] Revert \"v_summary.js: remove redundant calls to getFiltered() (#800)\" (#832)",
            "messageBody": "PR #800 was intended to ensure the getFiltered() method to be executed \r\nonly once when the page is reloaded. The solution used was to set \r\nboolean canGetFiltered to true in beforeUpdate() lifecycle hook, \r\npreventing the execution of getFiltered() before the lifecycle hook.\r\nHowever, the beforeUpdate() lifecycle hook will only be executed when \r\nthere are changes to the DOM. \r\n\r\nInstances where the page is reloaded and there are no changes to the DOM\r\nwill not set boolean canGetFiltered to true, preventing getFiltered() to \r\nbe executed until the DOM has changed.\r\n\r\nLet\u0027s revert PR #800 to allow getFiltered() to be executed even when \r\nthere are no changes to the DOM.",
            "insertions": 0,
            "deletions": 9
          }
        ]
      },
      {
        "insertions": 32,
        "deletions": 18,
        "date": "2019-07-27",
        "commitResults": [
          {
            "hash": "6873b4e5d289f1c898118a607c2c4b1e65c67e70",
            "messageTitle": "[#809] DeveloperGuide: update the HTML report section (#810)",
            "messageBody": "The HTML report section in our DG contains outdated info such as the\r\nreport summary diagram, sequence diagrams and the list of js files.\r\n\r\nLet\u0027s perform promptly due update, revise the HTML report section with\r\nthe latest report summary diagram, Vue lifecycle diagram, sequence\r\ndiagrams and the descriptions of the recently added js files such as\r\nv_ramp, v_zoom, and v_segment.",
            "insertions": 32,
            "deletions": 18
          }
        ]
      },
      {
        "insertions": 105,
        "deletions": 15,
        "date": "2019-07-28",
        "commitResults": [
          {
            "hash": "8f7db355698cb2430b536c32557339c357607378",
            "messageTitle": "[#723] Report: fix modifying dates for Safari users (#801)",
            "messageBody": "Safari browser users are unable to modify sinceDate and untilDate in\r\nthe report.\r\n\r\nThis is due to the datepickers used are HTML5 elements; they are not\r\nsupported by Safari. Furthermore, the alternative to modify the date\r\nfields, through the keydown events, are disabled.\r\n\r\nLet\u0027s allow Safari browser users to use a text-type input for their\r\nsinceDate and untilDate inputs. They can modify the dates by\r\nkeying the numeric date values into the date fields followed by hitting\r\nthe key, `enter`.",
            "insertions": 84,
            "deletions": 4
          },
          {
            "hash": "acc66d3caae0072397b592eebe20aa6b6863b227",
            "messageTitle": "[#778] ChartView: add zoom tab button (#796)",
            "messageBody": "In addition to zooming into a range of ramp slices, the zoom tab also\r\nshows the breakdown of commits that are within the zoom range. This \r\nfunctionality however, is not encompassed for the entire ramp chart.\r\n\r\nLet\u0027s add a button that opens the zoom tab for the entire ramp chart.",
            "insertions": 21,
            "deletions": 11
          }
        ]
      },
      {
        "insertions": 334,
        "deletions": 118,
        "date": "2019-07-31",
        "commitResults": [
          {
            "hash": "80a592516d07d23a54932a78209bca9f0bc1a498",
            "messageTitle": "[#662] ChartView: add merge group option (#752)",
            "messageBody": "Within ChartView, a group has multiple rows of ramp charts that belongs\r\nto the group itself.\r\n\r\nIt may be difficult for users to analyse the contribution of the entire\r\ngroup or to compare the contribution between groups.\r\n\r\nLet\u0027s add a merge group checkbox such that when the checkbox is\r\nchecked, all ramp charts of the same group will be merged together\r\nto form a single ramp chart. This allows users to easily analyse \r\nthe total contribution on the group level.",
            "insertions": 131,
            "deletions": 26
          },
          {
            "hash": "42b6b574f474cf6aed2acfc24bf2142a487d768e",
            "messageTitle": "[#846] CodeView: fix show ramps for this period button (#847)",
            "messageBody": "Clicking on show ramp chart for this period button in the commits\r\npanel calls updateDateRange(), which recomputes the duration of the\r\nramp chart according to the drags by the user. The method proceeds \r\nto call deactivateAllOverlays(), which removes the drags by the user.\r\n\r\nSince no more drags are left after the first execution of \r\nupdateDateRange(), clicking on the show ramp chart for this period\r\nbutton will not be able to activate updateDateRange().\r\n\r\nLet\u0027s use the zoom since date and until date to recompute the duration\r\nof the ramp chart, instead of using the drags. This will ensure that\r\nclicking on the button will always show the ramp chart for the \r\ndesignated period.",
            "insertions": 7,
            "deletions": 16
          },
          {
            "hash": "9018b9073abfea6c10609b96b0d85e4d99ccaf97",
            "messageTitle": "[#839] Set config to be inclusive of until date (#840)",
            "messageBody": "The until date in the config does not match with the until date used in\r\ngit rev-list. Until date in the config is in 00:00:00 time whereas\r\nuntil date used in git rev-list uses the time 23:59:59 of the day\r\nbefore.\r\n\r\nThis discrepancy can cause the content and author of each line detected\r\nby git rev-list to be different, and have caused a disparity in the\r\noutput results in #789.\r\n\r\nLet\u0027s standardise the until date in the config to use time of 23:59:59 \r\nto match with the until date used in git rev-list.\r\n\r\nReference:\r\nhttps://github.com/reposense/RepoSense/pull/789#discussion_r307350220",
            "insertions": 111,
            "deletions": 39
          },
          {
            "hash": "1c3bcf6e6fe863f4e06a1605d718659594e491b7",
            "messageTitle": "[#754] Url: include date hashes only when modified (#757)",
            "messageBody": "The initial URL of the report page captures a start and until \r\nhash parameter even when the users did not specify the start date\r\nand end date fields in the CLI.\r\n\r\nThe URL is then shared to others. If there are further updates to the \r\nreport, the URL will still navigate to the report page with ramps up \r\nuntil the original start date and until date instead of the most\r\nupdated dates which may include more recent/older commits.\r\n\r\nLet’s modify the report’s initial URL to not capture the start and end \r\ndate hashes when users did not specify the respective date field in\r\nthe CLI. Without the start date or end date hash parameter in the URL,\r\nthe URL will navigate to the report with the most updated start date\r\nand end date.",
            "insertions": 77,
            "deletions": 27
          },
          {
            "hash": "06c5a05d9256dbd53c2565228226b9556555afa0",
            "messageTitle": "[#842] Fix out of bound ramp slices (#844)",
            "messageBody": "Ramp slices appear outside of the ramp charts in week granularity.\r\n\r\nThis is due to the implementation of splitCommitsWeek() does not take\r\ninto account when the duration between since date and until date is\r\nless than one week. When the duration is less than a week, the\r\nalgorithm calculates commits up to the following Monday, even if they\r\nare beyond the until date. Hence, it causes a distortion in the ui.\r\n\r\nLet\u0027s revamp the logic within splitCommitsWeek to check, and trim any\r\ncommits beyond the until date.",
            "insertions": 8,
            "deletions": 10
          }
        ]
      },
      {
        "insertions": 53,
        "deletions": 30,
        "date": "2019-08-01",
        "commitResults": [
          {
            "hash": "7ff4d5de6c6a3f3103d526cfeaeff8c38f137ec1",
            "messageTitle": "Zoom Tab: revamp header ui (#848)",
            "messageBody": "The zoom tab header remains the same irregardless of the grouping\r\noption (authors, repos or none). The period of the zoom tab is also not\r\nshown in the zoom tab.\r\n\r\nThis creates a problem when the merge group option is used; a merged\r\ngroup may consists of more than one chart, and the title used in the\r\nheader might not apply to all the ramps within the merged chart.\r\n\r\nLet\u0027s modify the UI of the zoom tab title to use a new sequence:\r\n`group title` -\u003e `chart title` -\u003e `period of zoom tab` -\u003e\r\n`granularity`, and hide the chart title when the merge group option is\r\nchecked.\r\n\r\nLet\u0027s also modify the authorship\u0027s title format to match with the zoom\r\ntab\u0027s title format as well.",
            "insertions": 53,
            "deletions": 30
          }
        ]
      },
      {
        "insertions": 17,
        "deletions": 4,
        "date": "2019-08-09",
        "commitResults": [
          {
            "hash": "6dc9ee3595b1c98c28b32339715fe8b5295cd953",
            "messageTitle": "[#851] Fix url directing to wrong repository when merge group (#854)",
            "messageBody": "When the merge group option is checked, charts are grouped by\r\nauthors and granularity is set to \u0027commit\u0027, the url of some commits \r\nmay point to the wrong repository.\r\n\r\nThis is due to our current structure of the merged groups, where each\r\nmerged author stores only one repository name even though they may \r\nhave contributed to more than one repository. This causes all url \r\nof commits to point to the same repository.\r\n\r\nLet\u0027s bind the repository name to each commit when merge group \r\noption is checked to ensure that all url of commits point to the \r\ncorrect repository.",
            "insertions": 17,
            "deletions": 4
          }
        ]
      },
      {
        "insertions": 2,
        "deletions": 2,
        "date": "2019-09-01",
        "commitResults": [
          {
            "hash": "8e0a89e06225aa5f8d58e0586082f2e811fe24fb",
            "messageTitle": "ChartView: modify the sorting of the authors to use display names (#880)",
            "messageBody": "The sorting of the author by title is according to the authors\u0027 \r\nGitHub usernames.\r\n\r\nGithub usernames are strings that users have no control over, \r\nan unconfigurable field. Therefore, sorting according to it does not\r\nhave much value to the user, should she chose to configure the display\r\nnames.\r\n\r\nLet\u0027s modify the sorting of author names to be according to the\r\nauthors\u0027 display names.",
            "insertions": 2,
            "deletions": 2
          }
        ]
      },
      {
        "insertions": 22,
        "deletions": 14,
        "date": "2019-09-05",
        "commitResults": [
          {
            "hash": "816bb1a856387ca848504ae279bc2a4b81f4a308",
            "messageTitle": "[#858] Restore authorship tab (#874)",
            "messageBody": "Authorship tab is not restorable after refreshing the page.\r\n\r\nRestoring authorship tab requires the since and until date hashes \r\nwhereas PR #757 has made changes where the date hashes will not \r\nbe captured in the URL if not specified by the user.\r\n\r\nLet\u0027s \r\n- use the window\u0027s since and until date to restore the authorship \r\n  tab if the date hashes are unavailable. \r\n- move the restoring of tab hashes to be executed after \r\n  loadSummary() to ensure that the window\u0027s since and until date is \r\n  available.\r\n- extract the deactivation of tab pane to a method instead of using\r\n  the updated hook as the updated hook will be called repeatedly \r\n  whenever there are data changes that affect the DOM.\r\n",
            "insertions": 22,
            "deletions": 14
          }
        ]
      },
      {
        "insertions": 43,
        "deletions": 0,
        "date": "2019-12-20",
        "commitResults": [
          {
            "hash": "008f48fc20af630d857cd65bf11e96d05e19559a",
            "messageTitle": "[#46] Show total time after batch processing (#758)",
            "messageBody": "After running the CLI command, the total time taken to process and \r\ngenerate the report is not shown in the console output.\r\n\r\nUsers might find it useful to keep track of the time taken to \r\ngenerate the report.\r\n\r\nLet\u0027s use the logger to output the total time taken from running the \r\nCLI command until the report is generated.\r\n",
            "insertions": 43,
            "deletions": 0
          }
        ]
      }
    ]
  },
  "authorFinalContributionMap": {
    "jylee-git": 2163,
    "bluein-green": 179,
    "jamessspanggg": 1241
  },
  "authorFileTypeContributionMap": {
    "jylee-git": {
      "java": 1674,
      "js": 164,
      "scss": 77,
      "json": 111,
      "md": 91,
      "py": 0,
      "jade": 0,
      "gradle": 5,
      "pug": 41
    },
    "bluein-green": {
      "java": 98,
      "js": 66,
      "scss": 6,
      "json": 2,
      "md": 1,
      "py": 0,
      "jade": 0,
      "gradle": 1,
      "pug": 5
    },
    "jamessspanggg": {
      "java": 211,
      "js": 374,
      "scss": 487,
      "json": 34,
      "md": 36,
      "py": 0,
      "jade": 0,
      "gradle": 0,
      "pug": 99
    }
  },
  "authorContributionVariance": {
    "jylee-git": 8142.3545,
    "bluein-green": 37.458897,
    "jamessspanggg": 12007.333
  },
  "authorDisplayNameMap": {
    "jylee-git": "Jin Yao",
    "bluein-green": "Jin Minjia",
    "jamessspanggg": "James"
  }
}
