{
  "authorDailyContributionsMap": {
    "jylee-git": [
      {
        "insertions": 1,
        "deletions": 1,
        "date": "2019-05-22",
        "commitResults": [
          {
            "hash": "27655c76427fd97a00b3ee2debcd348c8b94b047",
            "message": "[#667] Report: fix search bar not displaying value provided by url parameter (#676)",
            "insertions": 1,
            "deletions": 1
          }
        ]
      },
      {
        "insertions": 8,
        "deletions": 2,
        "date": "2019-06-03",
        "commitResults": [
          {
            "hash": "358440932d705337e318e89232a5da0d4d4f0775",
            "message": "[#695] Report: allow reset of date controls (#700)",
            "insertions": 8,
            "deletions": 2
          }
        ]
      },
      {
        "insertions": 5,
        "deletions": 2,
        "date": "2019-06-04",
        "commitResults": [
          {
            "hash": "d009bcbd8e0b7ccf4c82d340e5fea19fbe23d134",
            "message": "[#506] Report: add checks to ensure that .zip file is uploaded (#693)",
            "insertions": 5,
            "deletions": 2
          }
        ]
      },
      {
        "insertions": 24,
        "deletions": 14,
        "date": "2019-06-26",
        "commitResults": [
          {
            "hash": "cfbe4a0042ba5e71b8f71390fb7ab76dcb3acf51",
            "message": "[#681,#756] UG: update in accordance to change in Toolbar (#696)",
            "insertions": 24,
            "deletions": 14
          }
        ]
      },
      {
        "insertions": 9,
        "deletions": 6,
        "date": "2019-06-27",
        "commitResults": [
          {
            "hash": "1bc01e990391b800818820f4102e5d39958ce3a0",
            "message": "[#721] Report: remove usage of spread operator (#766)",
            "insertions": 9,
            "deletions": 6
          }
        ]
      },
      {
        "insertions": 115,
        "deletions": 47,
        "date": "2019-06-29",
        "commitResults": [
          {
            "hash": "2a83c22b1cdb5975aac1699ce9662acc605f3d40",
            "message": "[#711] Analysis: ignore binary files (#728)",
            "insertions": 115,
            "deletions": 47
          }
        ]
      },
      {
        "insertions": 175,
        "deletions": 76,
        "date": "2019-06-30",
        "commitResults": [
          {
            "hash": "ed5c1cf95679951b1e858c6469f3906e7b4f044f",
            "message": "[#683,#688] Limit range of commits to one month if \"since date\" is not specified (#690)",
            "insertions": 175,
            "deletions": 76
          }
        ]
      },
      {
        "insertions": 13,
        "deletions": 7,
        "date": "2019-07-03",
        "commitResults": [
          {
            "hash": "8ac91e8b6e083128429d2b6a2dddefe6eede9832",
            "message": "[#781] Fix broken program when reserved character is used without escaping (#782)",
            "insertions": 13,
            "deletions": 7
          }
        ]
      },
      {
        "insertions": 206,
        "deletions": 55,
        "date": "2019-07-13",
        "commitResults": [
          {
            "hash": "784d4c3a60bbe4547cf5328febc58a3197aaae66",
            "message": "[#567] Report#Zip: remove unrelated files and folders (#656)",
            "insertions": 206,
            "deletions": 55
          }
        ]
      },
      {
        "insertions": 227,
        "deletions": 129,
        "date": "2019-07-17",
        "commitResults": [
          {
            "hash": "e2c6b8c24edeb99ffe65a8c425978c5011d80db1",
            "message": "[#738] CsvParser: fix incorrect splitting of literals commas (#739)",
            "insertions": 148,
            "deletions": 91
          },
          {
            "hash": "88c4964f61cf797e6f0ab75925be1ae0851f43c9",
            "message": "[#531,#707] Analysis: use all formats by default (#708)",
            "insertions": 79,
            "deletions": 38
          }
        ]
      }
    ],
    "jamessspanggg": [
      {
        "insertions": 2,
        "deletions": 2,
        "date": "2019-05-17",
        "commitResults": [
          {
            "hash": "adb48f4e903be700b33b953457ca5b69df4908e8",
            "message": "[#652] ChartView: fix url directing to wrong repository (#655)",
            "insertions": 2,
            "deletions": 2
          }
        ]
      },
      {
        "insertions": 2,
        "deletions": 2,
        "date": "2019-05-31",
        "commitResults": [
          {
            "hash": "3bbe5fccfc04aeb2742d814fef4fb8f534f3b55e",
            "message": "[#672] Toolbar: set \u0027commit\u0027 as default for granularity (#684)",
            "insertions": 1,
            "deletions": 1
          },
          {
            "hash": "3bf07fd69586874cf3238e9b28ea025b96f7ba97",
            "message": "[#699] Report: standardize the author\u0027s name display (#701)",
            "insertions": 1,
            "deletions": 1
          }
        ]
      },
      {
        "insertions": 32,
        "deletions": 2,
        "date": "2019-06-03",
        "commitResults": [
          {
            "hash": "7c0750c510003722f72ad363cb50ce759aa6735a",
            "message": "[#635] CodeView: add line number to code (#669)",
            "insertions": 32,
            "deletions": 2
          }
        ]
      },
      {
        "insertions": 38,
        "deletions": 17,
        "date": "2019-06-05",
        "commitResults": [
          {
            "hash": "ad1e0265a549888e25fc4b94759cca4bea575785",
            "message": "[#702] Fix url directing to the wrong branch (#704)",
            "insertions": 18,
            "deletions": 10
          },
          {
            "hash": "afa5be94ea35410ed126c2958024696a62d4fa2e",
            "message": "[#664] Toolbar: expand width for `breakdown by file format` (#685)",
            "insertions": 6,
            "deletions": 5
          },
          {
            "hash": "eb9c7460a0e7672bff50c5e0708cb1ff0ed5b329",
            "message": "[#663] ChartView: add total contribution of group (#697)",
            "insertions": 14,
            "deletions": 2
          }
        ]
      },
      {
        "insertions": 36,
        "deletions": 42,
        "date": "2019-06-10",
        "commitResults": [
          {
            "hash": "f96222a79167a55bb30fc9ced940b8660ef72425",
            "message": "[#647] Toolbar: rename values in `sort group by` (#668)",
            "insertions": 36,
            "deletions": 42
          }
        ]
      },
      {
        "insertions": 34,
        "deletions": 24,
        "date": "2019-06-11",
        "commitResults": [
          {
            "hash": "0d3ba8a7da3f4c97014ece0805bef0d1e40799b9",
            "message": "[#660] ChartView: remove ramp slices not within date range (#670)",
            "insertions": 34,
            "deletions": 24
          }
        ]
      },
      {
        "insertions": 2,
        "deletions": 0,
        "date": "2019-06-15",
        "commitResults": [
          {
            "hash": "27152fb10573899b79fe93ffc2e211329ce9a4fc",
            "message": "[#712] ChartView: fix misalignment of chart title (#715)",
            "insertions": 2,
            "deletions": 0
          }
        ]
      },
      {
        "insertions": 0,
        "deletions": 10,
        "date": "2019-06-16",
        "commitResults": [
          {
            "hash": "5a405e1be35dc5ae8ccf832dd5caf27a94f699d4",
            "message": "[#689] v_summary.js: remove unused remnants code (#733)",
            "insertions": 0,
            "deletions": 10
          }
        ]
      },
      {
        "insertions": 36,
        "deletions": 22,
        "date": "2019-06-26",
        "commitResults": [
          {
            "hash": "194bd125a57a63f2e764a348b7549f9bba18213e",
            "message": "[#645] CodeView: improve UI of sort bar (#716)",
            "insertions": 28,
            "deletions": 19
          },
          {
            "hash": "5ad348098a9baa2effea7646bf0463da8cae5dd2",
            "message": "[#720] Set command-click to activate zoom-in feature for macOS devices (#730)",
            "insertions": 8,
            "deletions": 3
          }
        ]
      },
      {
        "insertions": 35,
        "deletions": 10,
        "date": "2019-06-27",
        "commitResults": [
          {
            "hash": "8591328fbf84af35f2943756ae3f2a6fed8f67ef",
            "message": "[#666] CodeView: load un-authored code only when toggled (#740)",
            "insertions": 35,
            "deletions": 10
          }
        ]
      },
      {
        "insertions": 1,
        "deletions": 1,
        "date": "2019-06-28",
        "commitResults": [
          {
            "hash": "d09194c65d9016c56dfc11d341b91cde5c0d1503",
            "message": "[#741] Fix view code icon not opening CodeView (#744)",
            "insertions": 1,
            "deletions": 1
          }
        ]
      },
      {
        "insertions": 2,
        "deletions": 2,
        "date": "2019-06-29",
        "commitResults": [
          {
            "hash": "63ca0a11c8351729866d181a152742b2333c987d",
            "message": "[#680] Vue: fix error message in development mode (#742)",
            "insertions": 2,
            "deletions": 2
          }
        ]
      },
      {
        "insertions": 38,
        "deletions": 11,
        "date": "2019-07-03",
        "commitResults": [
          {
            "hash": "651df45df4d9a91cf5557aabc030c309e93f20de",
            "message": "[#770] Add placeholder for repositories with no author found (#777)",
            "insertions": 38,
            "deletions": 11
          }
        ]
      },
      {
        "insertions": 69,
        "deletions": 72,
        "date": "2019-07-04",
        "commitResults": [
          {
            "hash": "61be4e20b1af8e9eb1832fa5afa89bf7fe155f5a",
            "message": "[#312] CodeView: reduce space taken by toggle icon (#773)",
            "insertions": 69,
            "deletions": 72
          }
        ]
      },
      {
        "insertions": 29,
        "deletions": 7,
        "date": "2019-07-10",
        "commitResults": [
          {
            "hash": "e3dc5d13cd231f26062bcc9fd5cf22ffaed32b9d",
            "message": "[#748] Restore authorship tab (#749)",
            "insertions": 29,
            "deletions": 7
          }
        ]
      },
      {
        "insertions": 2,
        "deletions": 5,
        "date": "2019-07-14",
        "commitResults": [
          {
            "hash": "d45513d6692248bfa38808e3b045b4ce51039c0c",
            "message": "[#791] CodeView: bugfix for unexpected colors in line numbers (#792)",
            "insertions": 2,
            "deletions": 5
          }
        ]
      },
      {
        "insertions": 17,
        "deletions": 2,
        "date": "2019-07-17",
        "commitResults": [
          {
            "hash": "255907108d29f67d4a08b91d36c8fe9a8368e7aa",
            "message": "ChartView: highlight error messages in red (#790)",
            "insertions": 16,
            "deletions": 2
          },
          {
            "hash": "674f87d83558ccdee29d8aadf42a9647624e2d30",
            "message": "[#811] CodeView: fix position of toggle icons (#813)",
            "insertions": 1,
            "deletions": 0
          }
        ]
      },
      {
        "insertions": 806,
        "deletions": 752,
        "date": "2019-07-18",
        "commitResults": [
          {
            "hash": "e8bf034aaf33fa1a59c8933ffaa22dfdf82048fb",
            "message": "[#522] Implement style checker on .scss files (#803)",
            "insertions": 806,
            "deletions": 752
          }
        ]
      }
    ]
  },
  "authorFinalContributionMap": {
    "jylee-git": 753,
    "jamessspanggg": 728
  },
  "authorFileFormatContributionMap": {
    "jylee-git": {
      "java": 569,
      "js": 34,
      "scss": 0,
      "json": 111,
      "md": 32,
      "py": 0,
      "jade": 0,
      "gradle": 3,
      "pug": 4
    },
    "jamessspanggg": {
      "java": 38,
      "js": 126,
      "scss": 467,
      "json": 34,
      "md": 5,
      "py": 0,
      "jade": 0,
      "gradle": 0,
      "pug": 58
    }
  },
  "authorContributionVariance": {
    "jylee-git": 3993.0547,
    "jamessspanggg": 35830.332
  },
  "authorDisplayNameMap": {
    "jylee-git": "Jin Yao",
    "jamessspanggg": "James"
  }
}
