{
  "authorDailyContributionsMap": {
    "jylee-git": [
      {
        "insertions": 1,
        "deletions": 1,
        "date": "2019-05-22",
        "commitResults": [
          {
            "hash": "27655c76427fd97a00b3ee2debcd348c8b94b047",
            "message": "[#667] Report: fix search bar not displaying value provided by url parameter (#676)",
            "insertions": 1,
            "deletions": 1
          }
        ]
      },
      {
        "insertions": 8,
        "deletions": 2,
        "date": "2019-06-03",
        "commitResults": [
          {
            "hash": "358440932d705337e318e89232a5da0d4d4f0775",
            "message": "[#695] Report: allow reset of date controls (#700)",
            "insertions": 8,
            "deletions": 2
          }
        ]
      },
      {
        "insertions": 5,
        "deletions": 2,
        "date": "2019-06-04",
        "commitResults": [
          {
            "hash": "d009bcbd8e0b7ccf4c82d340e5fea19fbe23d134",
            "message": "[#506] Report: add checks to ensure that .zip file is uploaded (#693)",
            "insertions": 5,
            "deletions": 2
          }
        ]
      }
    ],
    "\"": []
  },
  "authorFinalContributionMap": {
    "jylee-git": 14,
    "\"": 0
  },
  "authorFileFormatContributionMap": {
    "jylee-git": {
      "java": 0,
      "js": 11,
      "scss": 0,
      "json": 0,
      "md": 0,
      "py": 0,
      "jade": 0,
      "gradle": 0,
      "pug": 3
    },
    "\"": {
      "java": 0,
      "js": 0,
      "scss": 0,
      "json": 0,
      "md": 0,
      "py": 0,
      "jade": 0,
      "gradle": 0,
      "pug": 0
    }
  },
  "authorContributionVariance": {
    "jylee-git": 5.969754,
    "\"": 0.0
  },
  "authorDisplayNameMap": {
    "jylee-git": "Jin Yao",
    "\"": "\""
  }
}
