{
  "authorDailyContributionsMap": {
    "openorclose": [
      {
        "insertions": 37,
        "deletions": 62,
        "date": "2019-05-13",
        "commitResults": [
          {
            "hash": "09076fa8ca3c549e37c0871b9ca76cc9b79ddb6e",
            "message": "Use Sets instead of Dictionaries for Page.includedFiles",
            "insertions": 9,
            "deletions": 12
          },
          {
            "hash": "ca2aed37b07f09a34881f019e176caaa781bddef",
            "message": "Use Sets instead of Dictionaries for builtFiles",
            "insertions": 4,
            "deletions": 5
          },
          {
            "hash": "8b639ae42f3c599019f16607d3d79ee9560e1177",
            "message": "Use Sets instead of Dictionaries for Site.baseUrlMap",
            "insertions": 7,
            "deletions": 11
          },
          {
            "hash": "dde86d47739c8b18a0011b5465bb8ccd5832f1c8",
            "message": "Update tests to expect Sets instead of objects",
            "insertions": 17,
            "deletions": 34
          }
        ]
      },
      {
        "insertions": 4,
        "deletions": 2,
        "date": "2019-05-16",
        "commitResults": [
          {
            "hash": "9fdaa9959f7d9b9565c8d20e3b089b3ef6100de3",
            "message": "Make Site.js default layout comply with eslint (#854)",
            "insertions": 4,
            "deletions": 2
          }
        ]
      }
    ],
    "alyip98": [
      {
        "insertions": 126,
        "deletions": 28,
        "date": "2019-05-15",
        "commitResults": [
          {
            "hash": "ebdf0b96582baef650e70d37d61ca6a4f5e7514e",
            "message": "Remove anchor generation dependency on indexing level",
            "insertions": 13,
            "deletions": 28
          },
          {
            "hash": "7c0582078ee71d72f337e86e15ad6293c0e93a94",
            "message": "Add tests for anchor generation",
            "insertions": 86,
            "deletions": 0
          },
          {
            "hash": "972111b00e9ef99d47af0ab198f1b931de9b68e1",
            "message": "Update expected test files",
            "insertions": 27,
            "deletions": 0
          }
        ]
      },
      {
        "insertions": 11,
        "deletions": 3,
        "date": "2019-05-16",
        "commitResults": [
          {
            "hash": "6087752d08ef97e7999b9d6c84d07eb9269517ee",
            "message": "Docs: remove extra line (#855)",
            "insertions": 1,
            "deletions": 2
          },
          {
            "hash": "b28e6d0b29d135e82400f8b9ba752a4b0712b8ec",
            "message": "Add npm script that run linters with the --fix tag (#853)",
            "insertions": 10,
            "deletions": 1
          }
        ]
      },
      {
        "insertions": 22,
        "deletions": 15,
        "date": "2019-06-03",
        "commitResults": [
          {
            "hash": "2c7fcf929796ece2297b72fd2f74ca18808a6cd5",
            "message": "Box: Add support for `dismissible` attribute",
            "insertions": 13,
            "deletions": 13
          },
          {
            "hash": "c946559908353403207ffbd6d9187a5793a5ad95",
            "message": "Docs: Update Box user guide for `dismissible`",
            "insertions": 9,
            "deletions": 2
          }
        ]
      },
      {
        "insertions": 247,
        "deletions": 43,
        "date": "2019-06-04",
        "commitResults": [
          {
            "hash": "25a9d9f8321120271cd97bdf7a432e70e97e147a",
            "message": "Add thumbnails feature",
            "insertions": 27,
            "deletions": 4
          },
          {
            "hash": "fb10ed91543937ea8206b82b348ec49e74ae3b44",
            "message": "Add tests for thumbnail feature",
            "insertions": 159,
            "deletions": 39
          },
          {
            "hash": "fc956051771b79d044b7c0faa4a31057d9991dc9",
            "message": "Docs: Add user guide entry for thumbnails",
            "insertions": 61,
            "deletions": 0
          }
        ]
      },
      {
        "insertions": 86,
        "deletions": 48,
        "date": "2019-06-10",
        "commitResults": [
          {
            "hash": "a017b4073b7f97a68dff5e6aa079aa6545e159f7",
            "message": "Removed space after tooltip",
            "insertions": 12,
            "deletions": 12
          },
          {
            "hash": "80773e652b661a2ac2c30786b793a6deac30e31e",
            "message": "Add tests for tooltip spacing",
            "insertions": 74,
            "deletions": 36
          }
        ]
      }
    ]
  },
  "authorFinalContributionMap": {
    "openorclose": 41,
    "alyip98": 426
  },
  "authorFileFormatContributionMap": {
    "openorclose": {
      "java": 0,
      "js": 41,
      "css": 0,
      "json": 0,
      "md": 0,
      "mbd": 0,
      "mbdf": 0,
      "njk": 0,
      "py": 0,
      "yml": 0
    },
    "alyip98": {
      "java": 0,
      "js": 77,
      "css": 0,
      "json": 84,
      "md": 174,
      "mbd": 24,
      "mbdf": 67,
      "njk": 0,
      "py": 0,
      "yml": 0
    }
  },
  "authorContributionVariance": {
    "openorclose": 326.09747,
    "alyip98": 3920.4893
  },
  "authorDisplayNameMap": {
    "openorclose": "Daryl",
    "alyip98": "Alfred"
  }
}
