{
  "authorDailyContributionsMap": {
    "openorclose": [
      {
        "insertions": 37,
        "deletions": 62,
        "date": "2019-05-13",
        "commitResults": [
          {
            "hash": "09076fa8ca3c549e37c0871b9ca76cc9b79ddb6e",
            "message": "Use Sets instead of Dictionaries for Page.includedFiles",
            "insertions": 9,
            "deletions": 12
          },
          {
            "hash": "ca2aed37b07f09a34881f019e176caaa781bddef",
            "message": "Use Sets instead of Dictionaries for builtFiles",
            "insertions": 4,
            "deletions": 5
          },
          {
            "hash": "8b639ae42f3c599019f16607d3d79ee9560e1177",
            "message": "Use Sets instead of Dictionaries for Site.baseUrlMap",
            "insertions": 7,
            "deletions": 11
          },
          {
            "hash": "dde86d47739c8b18a0011b5465bb8ccd5832f1c8",
            "message": "Update tests to expect Sets instead of objects",
            "insertions": 17,
            "deletions": 34
          }
        ]
      },
      {
        "insertions": 4,
        "deletions": 2,
        "date": "2019-05-16",
        "commitResults": [
          {
            "hash": "9fdaa9959f7d9b9565c8d20e3b089b3ef6100de3",
            "message": "Make Site.js default layout comply with eslint (#854)",
            "insertions": 4,
            "deletions": 2
          }
        ]
      },
      {
        "insertions": 39,
        "deletions": 22,
        "date": "2019-06-24",
        "commitResults": [
          {
            "hash": "7abe96670bc678aa9ac64c12160e9896cc7fd16d",
            "message": "Add center attribute to userGuide/components#modal",
            "insertions": 23,
            "deletions": 1
          },
          {
            "hash": "2ee1592e42bdeb4c4f93c096602dae899dfb4e75",
            "message": "Update userGuide modal example to show actual code",
            "insertions": 16,
            "deletions": 21
          }
        ]
      },
      {
        "insertions": 508,
        "deletions": 1,
        "date": "2019-06-28",
        "commitResults": [
          {
            "hash": "2cfdea612c3f176afbd528e8c3eb8cf1a2f9fe65",
            "message": "Implement footnotes via extended markdown syntax",
            "insertions": 409,
            "deletions": 1
          },
          {
            "hash": "0a44e245f4f9043d0a39694413aa873908de5e72",
            "message": "Add userGuide for footnotes",
            "insertions": 61,
            "deletions": 0
          },
          {
            "hash": "0c612344b56d2c7aaba2c268109f1cd9b58b4074",
            "message": "Add tests for footnotes",
            "insertions": 38,
            "deletions": 0
          }
        ]
      }
    ],
    "alyip98": [
      {
        "insertions": 126,
        "deletions": 28,
        "date": "2019-05-15",
        "commitResults": [
          {
            "hash": "ebdf0b96582baef650e70d37d61ca6a4f5e7514e",
            "message": "Remove anchor generation dependency on indexing level",
            "insertions": 13,
            "deletions": 28
          },
          {
            "hash": "7c0582078ee71d72f337e86e15ad6293c0e93a94",
            "message": "Add tests for anchor generation",
            "insertions": 86,
            "deletions": 0
          },
          {
            "hash": "972111b00e9ef99d47af0ab198f1b931de9b68e1",
            "message": "Update expected test files",
            "insertions": 27,
            "deletions": 0
          }
        ]
      },
      {
        "insertions": 11,
        "deletions": 3,
        "date": "2019-05-16",
        "commitResults": [
          {
            "hash": "6087752d08ef97e7999b9d6c84d07eb9269517ee",
            "message": "Docs: remove extra line (#855)",
            "insertions": 1,
            "deletions": 2
          },
          {
            "hash": "b28e6d0b29d135e82400f8b9ba752a4b0712b8ec",
            "message": "Add npm script that run linters with the --fix tag (#853)",
            "insertions": 10,
            "deletions": 1
          }
        ]
      },
      {
        "insertions": 22,
        "deletions": 15,
        "date": "2019-06-03",
        "commitResults": [
          {
            "hash": "2c7fcf929796ece2297b72fd2f74ca18808a6cd5",
            "message": "Box: Add support for `dismissible` attribute",
            "insertions": 13,
            "deletions": 13
          },
          {
            "hash": "c946559908353403207ffbd6d9187a5793a5ad95",
            "message": "Docs: Update Box user guide for `dismissible`",
            "insertions": 9,
            "deletions": 2
          }
        ]
      },
      {
        "insertions": 247,
        "deletions": 43,
        "date": "2019-06-04",
        "commitResults": [
          {
            "hash": "25a9d9f8321120271cd97bdf7a432e70e97e147a",
            "message": "Add thumbnails feature",
            "insertions": 27,
            "deletions": 4
          },
          {
            "hash": "fb10ed91543937ea8206b82b348ec49e74ae3b44",
            "message": "Add tests for thumbnail feature",
            "insertions": 159,
            "deletions": 39
          },
          {
            "hash": "fc956051771b79d044b7c0faa4a31057d9991dc9",
            "message": "Docs: Add user guide entry for thumbnails",
            "insertions": 61,
            "deletions": 0
          }
        ]
      },
      {
        "insertions": 86,
        "deletions": 48,
        "date": "2019-06-10",
        "commitResults": [
          {
            "hash": "a017b4073b7f97a68dff5e6aa079aa6545e159f7",
            "message": "Removed space after tooltip",
            "insertions": 12,
            "deletions": 12
          },
          {
            "hash": "80773e652b661a2ac2c30786b793a6deac30e31e",
            "message": "Add tests for tooltip spacing",
            "insertions": 74,
            "deletions": 36
          }
        ]
      },
      {
        "insertions": 2,
        "deletions": 0,
        "date": "2019-06-26",
        "commitResults": [
          {
            "hash": "2bbc68c3915ef9885b90dd90b26d31b150c867dc",
            "message": "Document header.md in page layouts (#893)",
            "insertions": 2,
            "deletions": 0
          }
        ]
      }
    ]
  },
  "authorFinalContributionMap": {
    "openorclose": 577,
    "alyip98": 428
  },
  "authorFileFormatContributionMap": {
    "openorclose": {
      "java": 0,
      "js": 444,
      "css": 24,
      "json": 1,
      "md": 21,
      "mbd": 0,
      "mbdf": 87,
      "njk": 0,
      "py": 0,
      "yml": 0
    },
    "alyip98": {
      "java": 0,
      "js": 77,
      "css": 0,
      "json": 84,
      "md": 174,
      "mbd": 24,
      "mbdf": 69,
      "njk": 0,
      "py": 0,
      "yml": 0
    }
  },
  "authorContributionVariance": {
    "openorclose": 5594.572,
    "alyip98": 2529.1362
  },
  "authorDisplayNameMap": {
    "openorclose": "Daryl",
    "alyip98": "Alfred"
  }
}
