{
  "authorDailyContributionsMap": {
    "Chng Zhi Xuan": [
      {
        "insertions": 10,
        "deletions": 10,
        "date": "2019-05-27",
        "commitResults": [
          {
            "hash": "fb39f8c8730add49ab380414a81243a9aa652f2d",
            "message": "Upgrade MarkBind dependencies (#879)",
            "insertions": 5,
            "deletions": 5
          },
          {
            "hash": "fb39f8c8730add49ab380414a81243a9aa652f2d",
            "message": "Upgrade MarkBind dependencies (#879)",
            "insertions": 5,
            "deletions": 5
          }
        ]
      }
    ],
    "openorclose": [
      {
        "insertions": 37,
        "deletions": 62,
        "date": "2019-05-13",
        "commitResults": [
          {
            "hash": "09076fa8ca3c549e37c0871b9ca76cc9b79ddb6e",
            "message": "Use Sets instead of Dictionaries for Page.includedFiles",
            "insertions": 9,
            "deletions": 12
          },
          {
            "hash": "ca2aed37b07f09a34881f019e176caaa781bddef",
            "message": "Use Sets instead of Dictionaries for builtFiles",
            "insertions": 4,
            "deletions": 5
          },
          {
            "hash": "8b639ae42f3c599019f16607d3d79ee9560e1177",
            "message": "Use Sets instead of Dictionaries for Site.baseUrlMap",
            "insertions": 7,
            "deletions": 11
          },
          {
            "hash": "dde86d47739c8b18a0011b5465bb8ccd5832f1c8",
            "message": "Update tests to expect Sets instead of objects",
            "insertions": 17,
            "deletions": 34
          }
        ]
      }
    ],
    "alyip98": [
      {
        "insertions": 126,
        "deletions": 28,
        "date": "2019-05-15",
        "commitResults": [
          {
            "hash": "ebdf0b96582baef650e70d37d61ca6a4f5e7514e",
            "message": "Remove anchor generation dependency on indexing level",
            "insertions": 13,
            "deletions": 28
          },
          {
            "hash": "7c0582078ee71d72f337e86e15ad6293c0e93a94",
            "message": "Add tests for anchor generation",
            "insertions": 86,
            "deletions": 0
          },
          {
            "hash": "972111b00e9ef99d47af0ab198f1b931de9b68e1",
            "message": "Update expected test files",
            "insertions": 27,
            "deletions": 0
          }
        ]
      },
      {
        "insertions": 11,
        "deletions": 3,
        "date": "2019-05-16",
        "commitResults": [
          {
            "hash": "6087752d08ef97e7999b9d6c84d07eb9269517ee",
            "message": "Docs: remove extra line (#855)",
            "insertions": 1,
            "deletions": 2
          },
          {
            "hash": "b28e6d0b29d135e82400f8b9ba752a4b0712b8ec",
            "message": "Add npm script that run linters with the --fix tag (#853)",
            "insertions": 10,
            "deletions": 1
          }
        ]
      },
      {
        "insertions": 22,
        "deletions": 15,
        "date": "2019-06-03",
        "commitResults": [
          {
            "hash": "2c7fcf929796ece2297b72fd2f74ca18808a6cd5",
            "message": "Box: Add support for `dismissible` attribute",
            "insertions": 13,
            "deletions": 13
          },
          {
            "hash": "c946559908353403207ffbd6d9187a5793a5ad95",
            "message": "Docs: Update Box user guide for `dismissible`",
            "insertions": 9,
            "deletions": 2
          }
        ]
      },
      {
        "insertions": 247,
        "deletions": 43,
        "date": "2019-06-04",
        "commitResults": [
          {
            "hash": "25a9d9f8321120271cd97bdf7a432e70e97e147a",
            "message": "Add thumbnails feature",
            "insertions": 27,
            "deletions": 4
          },
          {
            "hash": "fb10ed91543937ea8206b82b348ec49e74ae3b44",
            "message": "Add tests for thumbnail feature",
            "insertions": 159,
            "deletions": 39
          },
          {
            "hash": "fc956051771b79d044b7c0faa4a31057d9991dc9",
            "message": "Docs: Add user guide entry for thumbnails",
            "insertions": 61,
            "deletions": 0
          }
        ]
      },
      {
        "insertions": 86,
        "deletions": 48,
        "date": "2019-06-10",
        "commitResults": [
          {
            "hash": "a017b4073b7f97a68dff5e6aa079aa6545e159f7",
            "message": "Removed space after tooltip",
            "insertions": 12,
            "deletions": 12
          },
          {
            "hash": "80773e652b661a2ac2c30786b793a6deac30e31e",
            "message": "Add tests for tooltip spacing",
            "insertions": 74,
            "deletions": 36
          }
        ]
      }
    ],
    "Open O. Close": [
      {
        "insertions": 8,
        "deletions": 4,
        "date": "2019-05-16",
        "commitResults": [
          {
            "hash": "9fdaa9959f7d9b9565c8d20e3b089b3ef6100de3",
            "message": "Make Site.js default layout comply with eslint (#854)",
            "insertions": 4,
            "deletions": 2
          },
          {
            "hash": "9fdaa9959f7d9b9565c8d20e3b089b3ef6100de3",
            "message": "Make Site.js default layout comply with eslint (#854)",
            "insertions": 4,
            "deletions": 2
          }
        ]
      }
    ],
    "Chng-Zhi-Xuan": [
      {
        "insertions": 1,
        "deletions": 1,
        "date": "2019-05-13",
        "commitResults": [
          {
            "hash": "b9e30afa75b5dfa129466e6ada7852e01366e219",
            "message": "2.4.1",
            "insertions": 1,
            "deletions": 1
          }
        ]
      },
      {
        "insertions": 105,
        "deletions": 69,
        "date": "2019-05-14",
        "commitResults": [
          {
            "hash": "fcef32cf9d6f5c5cd67c2d0a16c2555e04104f1f",
            "message": "Add devGuide layout files",
            "insertions": 31,
            "deletions": 0
          },
          {
            "hash": "1a78349b1a6e579b45089a3ec9c878169cafb7f4",
            "message": "Add userGuide layout files",
            "insertions": 51,
            "deletions": 0
          },
          {
            "hash": "4f751b130309d71b5539cdfbc4c11194abe84dac",
            "message": "Use layouts for userGuide and devGuide",
            "insertions": 23,
            "deletions": 69
          }
        ]
      },
      {
        "insertions": 3,
        "deletions": 3,
        "date": "2019-05-15",
        "commitResults": [
          {
            "hash": "9b5ffabfb227e6fa9db00a744179a8bbcfc9d9f0",
            "message": "Docs: Remove redundant character from img tag",
            "insertions": 3,
            "deletions": 3
          }
        ]
      },
      {
        "insertions": 62,
        "deletions": 66,
        "date": "2019-05-16",
        "commitResults": [
          {
            "hash": "0fba2a602441f06e484f4d9f812ba6e92cdf0872",
            "message": "Refactor side navigation menus CSS classes",
            "insertions": 13,
            "deletions": 12
          },
          {
            "hash": "e7c2f6d743956c2e5f8c5c59d817118fb1714b1b",
            "message": "Change site nav border to follow content length",
            "insertions": 2,
            "deletions": 4
          },
          {
            "hash": "f16aa94d1aa5fd5a51090c28557b81405fe668e0",
            "message": "Change page nav border to follow content length",
            "insertions": 2,
            "deletions": 2
          },
          {
            "hash": "b71afa536dbbc2d49e363785b7632d5e758e16a6",
            "message": "Test: update expected files",
            "insertions": 45,
            "deletions": 48
          }
        ]
      },
      {
        "insertions": 3,
        "deletions": 31,
        "date": "2019-05-21",
        "commitResults": [
          {
            "hash": "9b81020a27960459993c0f536694095981557eda",
            "message": "2.4.2",
            "insertions": 1,
            "deletions": 1
          },
          {
            "hash": "0c40f60bee304a06ce5443c28349979b5d090dae",
            "message": "Site: remove variable syntax for icons",
            "insertions": 1,
            "deletions": 23
          },
          {
            "hash": "fb6c75ab82ee5ff48db38f52d7529e42cc8a8a6a",
            "message": "Test: update Site.test.js json directories",
            "insertions": 0,
            "deletions": 6
          },
          {
            "hash": "53e2823e8c2bc08d242686cc9e9216a783190d33",
            "message": "Docs: Fix icon exmaple",
            "insertions": 1,
            "deletions": 1
          }
        ]
      },
      {
        "insertions": 40,
        "deletions": 30,
        "date": "2019-05-27",
        "commitResults": [
          {
            "hash": "c7fa21dcdedb6b2637d2b28cfeb0dd456ae0e87e",
            "message": "Update vue-strap version to v2.0.1-markbind.27",
            "insertions": 12,
            "deletions": 12
          },
          {
            "hash": "e8d64c666842704b047bbcab7829f4185ddddb38",
            "message": "2.5.0",
            "insertions": 1,
            "deletions": 1
          },
          {
            "hash": "2fe229a3bb445167435a594c050fe9f84a7129d5",
            "message": "Remove anchors for undefined headings",
            "insertions": 3,
            "deletions": 1
          },
          {
            "hash": "aef5cf16352eb6eef35bde53dd1eae34c7449b76",
            "message": "Remove event listeners from headings without ID",
            "insertions": 6,
            "deletions": 4
          },
          {
            "hash": "d36c434d9b0e0920a99c44eb247da117b8c5be94",
            "message": "Test: update expected folder setup.js file",
            "insertions": 18,
            "deletions": 12
          }
        ]
      },
      {
        "insertions": 53,
        "deletions": 53,
        "date": "2019-06-04",
        "commitResults": [
          {
            "hash": "dddd665d8f729bc77a5edd118a903ee94eae7f09",
            "message": "Update vue-strap version to v2.0.1-markbind.28",
            "insertions": 52,
            "deletions": 52
          },
          {
            "hash": "2f5ee9d5ec2a022c127ddbca53179887b11a7bfe",
            "message": "2.5.1",
            "insertions": 1,
            "deletions": 1
          }
        ]
      }
    ]
  },
  "authorFinalContributionMap": {
    "Chng Zhi Xuan": 5,
    "openorclose": 37,
    "alyip98": 426,
    "Open O. Close": 4,
    "Chng-Zhi-Xuan": 181
  },
  "authorFileFormatContributionMap": {
    "Chng Zhi Xuan": {
      "java": 0,
      "js": 0,
      "css": 0,
      "json": 5,
      "md": 0,
      "mbd": 0,
      "mbdf": 0,
      "njk": 0,
      "py": 0,
      "yml": 0
    },
    "openorclose": {
      "java": 0,
      "js": 37,
      "css": 0,
      "json": 0,
      "md": 0,
      "mbd": 0,
      "mbdf": 0,
      "njk": 0,
      "py": 0,
      "yml": 0
    },
    "alyip98": {
      "java": 0,
      "js": 77,
      "css": 0,
      "json": 84,
      "md": 174,
      "mbd": 24,
      "mbdf": 67,
      "njk": 0,
      "py": 0,
      "yml": 0
    },
    "Open O. Close": {
      "java": 0,
      "js": 4,
      "css": 0,
      "json": 0,
      "md": 0,
      "mbd": 0,
      "mbdf": 0,
      "njk": 0,
      "py": 0,
      "yml": 0
    },
    "Chng-Zhi-Xuan": {
      "java": 0,
      "js": 13,
      "css": 60,
      "json": 1,
      "md": 106,
      "mbd": 0,
      "mbdf": 1,
      "njk": 0,
      "py": 0,
      "yml": 0
    }
  },
  "authorContributionVariance": {
    "Chng Zhi Xuan": 13.317475,
    "openorclose": 326.31183,
    "alyip98": 3920.4893,
    "Open O. Close": 4.794287,
    "Chng-Zhi-Xuan": 1885.0999
  },
  "authorDisplayNameMap": {
    "Chng Zhi Xuan": "Chng Zhi Xuan",
    "openorclose": "openorclose",
    "alyip98": "alyip98",
    "Open O. Close": "Open O. Close",
    "Chng-Zhi-Xuan": "Chng-Zhi-Xuan"
  }
}
