{
  "authorDailyContributionsMap": {
    "erjillsison": [
      {
        "insertions": 10,
        "deletions": 2,
        "date": "2019-06-01",
        "commitResults": [
          {
            "hash": "08f6d8541022ddaf17ace15a6c97a196965b5a47",
            "message": "[#9707] Add New Feedback Session: Default selected course ID in the form is incorrect (#9710)",
            "insertions": 10,
            "deletions": 2
          }
        ]
      },
      {
        "insertions": 4,
        "deletions": 4,
        "date": "2019-06-03",
        "commitResults": [
          {
            "hash": "96e1a43ad563e8b9637e7be4519a3ac70619acaf",
            "message": "[#9706] UI: Headers: Inconsistent colour scheme for headers across different pages (#9711)",
            "insertions": 4,
            "deletions": 4
          }
        ]
      },
      {
        "insertions": 120,
        "deletions": 6,
        "date": "2019-06-06",
        "commitResults": [
          {
            "hash": "1302ea06ea723385d310e4d844bab669cd931859",
            "message": "[#9510] Instructor: Course Page Component: Implement sorting for table headers (#9741)",
            "insertions": 114,
            "deletions": 3
          },
          {
            "hash": "9a160d39db86a28323e729bf5534232eec68a817",
            "message": "[#9657] Improve look of dropdown options in team contribution question  (#9699)",
            "insertions": 5,
            "deletions": 2
          },
          {
            "hash": "2999868d97d357472742ff61032d1ab2db57ecee",
            "message": "[#9662] Instructor: Course Page: Some navbar buttons are not responsive after snackbar is shown (#9712)",
            "insertions": 1,
            "deletions": 1
          }
        ]
      },
      {
        "insertions": 76,
        "deletions": 43,
        "date": "2019-06-12",
        "commitResults": [
          {
            "hash": "002061c6b41248664b11953c411cb251408e1629",
            "message": "[#9734] Logic fix publish feedback session() method signature (#9735)",
            "insertions": 76,
            "deletions": 43
          }
        ]
      },
      {
        "insertions": 123,
        "deletions": 3,
        "date": "2019-06-13",
        "commitResults": [
          {
            "hash": "ad2d071317e2b1c70139daf43148219cf859f0db",
            "message": "[#9595] Add tests for DELETE /session (#9723)",
            "insertions": 123,
            "deletions": 3
          }
        ]
      },
      {
        "insertions": 89,
        "deletions": 47,
        "date": "2019-06-19",
        "commitResults": [
          {
            "hash": "a4f1c93074428fbfce77ab74026e4b22132d6e83",
            "message": "[#9714] Student List: \"Send Invite\" button under Action(s) header is missing (#9777)",
            "insertions": 89,
            "deletions": 47
          }
        ]
      },
      {
        "insertions": 1,
        "deletions": 1,
        "date": "2019-06-22",
        "commitResults": [
          {
            "hash": "78587c00568660379f58ba9dafeef9eeb095aaad",
            "message": "[#9776] Student/Submission: Some question forms for cetain question types are not disabled when viewing a closed submission (#9784)",
            "insertions": 1,
            "deletions": 1
          }
        ]
      },
      {
        "insertions": 89,
        "deletions": 3,
        "date": "2019-07-02",
        "commitResults": [
          {
            "hash": "2c03b28774e374004ef13a8a08d542f8fc07a4d4",
            "message": "[#9595] Add tests for POST /session/publish (#9726)",
            "insertions": 89,
            "deletions": 3
          }
        ]
      }
    ],
    "Pengyuz": [
      {
        "insertions": 1,
        "deletions": 0,
        "date": "2019-06-01",
        "commitResults": [
          {
            "hash": "d94f72bb18196cc27859319ed8a23dd7345aed35",
            "message": "[#9703] Instructor: enroll students: Remove incorrect message after enrolling students to a new course (#9708)",
            "insertions": 1,
            "deletions": 0
          }
        ]
      },
      {
        "insertions": 4,
        "deletions": 0,
        "date": "2019-06-19",
        "commitResults": [
          {
            "hash": "7e9068a9344f59606faf290b908dc12dd4e616d5",
            "message": "[#9757] Feedback Session Edit: Fix assigned weights not shown after clicking \u0027Choices are weighted\u0027 checkbox (#9759)",
            "insertions": 4,
            "deletions": 0
          }
        ]
      },
      {
        "insertions": 51,
        "deletions": 0,
        "date": "2019-06-20",
        "commitResults": [
          {
            "hash": "a1ca379b54ad2ab2d2a509d54129809a61605dc6",
            "message": "[#9382] Add tests for status-message component (#9763)",
            "insertions": 51,
            "deletions": 0
          }
        ]
      },
      {
        "insertions": 15,
        "deletions": 4,
        "date": "2019-06-22",
        "commitResults": [
          {
            "hash": "30f56ffea3016decff6026cc46bb03e346ab7ffd",
            "message": "[#9770] Session Submit Page: Make input form clickable (#9779)",
            "insertions": 15,
            "deletions": 4
          }
        ]
      },
      {
        "insertions": 231,
        "deletions": 3,
        "date": "2019-07-02",
        "commitResults": [
          {
            "hash": "a77834f53a17f4dd7265d1650b659263cd41afe3",
            "message": "[#9595] Add tests for GET /responses (#9728)",
            "insertions": 231,
            "deletions": 3
          }
        ]
      }
    ],
    "crizyli": [
      {
        "insertions": 5,
        "deletions": 1,
        "date": "2019-06-11",
        "commitResults": [
          {
            "hash": "c8a2a187daca8612aea7032712b0a8cdcb74ee2f",
            "message": "[#9704] Student: Upload/Edit Photo: Confusing error message shown when uploading empty photo (#9709)",
            "insertions": 5,
            "deletions": 1
          }
        ]
      },
      {
        "insertions": 104,
        "deletions": 10,
        "date": "2019-06-19",
        "commitResults": [
          {
            "hash": "a8e239ccbdd1bd22f863c737ac8d6e4507235d21",
            "message": "[#9537] Instructor Help Page: Tooltips should link to specific sections in the help page (#9696)",
            "insertions": 12,
            "deletions": 8
          },
          {
            "hash": "eb10022b534a916324395b5790cd57334a43f2ca",
            "message": "[#9595] Add tests for DELETE /session/publish (#9727)",
            "insertions": 90,
            "deletions": 2
          },
          {
            "hash": "3d135f591c715b5367f19775929021e1e443a699",
            "message": "[#9771] Instructor search page: Tooltip not shown for the info icon (#9772)",
            "insertions": 2,
            "deletions": 0
          }
        ]
      },
      {
        "insertions": 723,
        "deletions": 573,
        "date": "2019-06-20",
        "commitResults": [
          {
            "hash": "e2d4e18c3ea1920269fd11fb57151da984160f3d",
            "message": "[#9595] Migrate GET /session/students/response to RESTFul API (#9785)",
            "insertions": 723,
            "deletions": 573
          }
        ]
      },
      {
        "insertions": 21,
        "deletions": 2,
        "date": "2019-07-02",
        "commitResults": [
          {
            "hash": "d2e1c33963f8f1ee511b27819192e9fcdd41d90c",
            "message": "[#9654] Error messages not shown on entering invalid answers on submission page (#9717)",
            "insertions": 21,
            "deletions": 2
          }
        ]
      }
    ]
  },
  "authorFinalContributionMap": {
    "erjillsison": 510,
    "Pengyuz": 301,
    "crizyli": 829
  },
  "authorFileFormatContributionMap": {
    "erjillsison": {
      "java": 288,
      "js": 0,
      "scss": 3,
      "md": 0,
      "py": 0,
      "tag": 0,
      "html": 30,
      "ts": 189
    },
    "Pengyuz": {
      "java": 231,
      "js": 0,
      "scss": 0,
      "md": 0,
      "py": 0,
      "tag": 0,
      "html": 2,
      "ts": 68
    },
    "crizyli": {
      "java": 237,
      "js": 0,
      "scss": 3,
      "md": 0,
      "py": 0,
      "tag": 0,
      "html": 76,
      "ts": 513
    }
  },
  "authorContributionVariance": {
    "erjillsison": 1284.7725,
    "Pengyuz": 1095.3495,
    "crizyli": 32403.424
  },
  "authorDisplayNameMap": {
    "erjillsison": "Erjill",
    "Pengyuz": "Pengyu",
    "crizyli": "Yufei"
  }
}
